kaykit/block-bits-1.0/anvil	0.7316
kaykit/block-bits-1.0/apple	0.4483
kaykit/block-bits-1.0/barrel	0.7770
kaykit/block-bits-1.0/battery	0.8505
kaykit/block-bits-1.0/books_A	0.9241
kaykit/block-bits-1.0/books_B	0.9241
kaykit/block-bits-1.0/bricks_A	0.9409
kaykit/block-bits-1.0/bricks_B	0.9409
kaykit/block-bits-1.0/chest	0.8353
kaykit/block-bits-1.0/colored_block_blue	0.9409
kaykit/block-bits-1.0/colored_block_green	0.9409
kaykit/block-bits-1.0/colored_block_red	0.9409
kaykit/block-bits-1.0/colored_block_yellow	0.9409
kaykit/block-bits-1.0/computer	0.8475
kaykit/block-bits-1.0/crate	0.9494
kaykit/block-bits-1.0/decorative_block_blue	0.9409
kaykit/block-bits-1.0/decorative_block_green	0.9409
kaykit/block-bits-1.0/decorative_block_red	0.9409
kaykit/block-bits-1.0/decorative_block_yellow	0.9409
kaykit/block-bits-1.0/dirt	0.9102
kaykit/block-bits-1.0/dirt_with_grass	0.8805
kaykit/block-bits-1.0/dirt_with_snow	0.8848
kaykit/block-bits-1.0/dynamite	0.8835
kaykit/block-bits-1.0/gift	0.6480
kaykit/block-bits-1.0/glass	0.9409
kaykit/block-bits-1.0/grass	0.8811
kaykit/block-bits-1.0/grass_with_snow	0.8852
kaykit/block-bits-1.0/gravel	0.9102
kaykit/block-bits-1.0/gravel_with_grass	0.8805
kaykit/block-bits-1.0/gravel_with_snow	0.8848
kaykit/block-bits-1.0/hay	0.8788
kaykit/block-bits-1.0/hay_bale	0.8736
kaykit/block-bits-1.0/lava	0.8750
kaykit/block-bits-1.0/melon	0.6151
kaykit/block-bits-1.0/metal	0.9392
kaykit/block-bits-1.0/metalframe	0.8804
kaykit/block-bits-1.0/pipe	0.7721
kaykit/block-bits-1.0/prototype	0.9409
kaykit/block-bits-1.0/sand_A	0.9102
kaykit/block-bits-1.0/sand_B	0.9260
kaykit/block-bits-1.0/sand_with_grass	0.8805
kaykit/block-bits-1.0/sand_with_snow	0.8848
kaykit/block-bits-1.0/snow	0.9409
kaykit/block-bits-1.0/stone	0.9088
kaykit/block-bits-1.0/stone_dark	0.8928
kaykit/block-bits-1.0/stone_with_copper	0.9088
kaykit/block-bits-1.0/stone_with_gold	0.9088
kaykit/block-bits-1.0/stone_with_silver	0.9088
kaykit/block-bits-1.0/striped_block_blue	0.9409
kaykit/block-bits-1.0/striped_block_green	0.9409
kaykit/block-bits-1.0/striped_block_red	0.9409
kaykit/block-bits-1.0/striped_block_yellow	0.9409
kaykit/block-bits-1.0/trashcan	0.5471
kaykit/block-bits-1.0/tree	0.8811
kaykit/block-bits-1.0/tree_with_snow	0.8852
kaykit/block-bits-1.0/vault	0.8268
kaykit/block-bits-1.0/water	0.8642
kaykit/block-bits-1.0/wood	0.9395
kaykit/board-game-bits-1.0/board_A	0.2840
kaykit/board-game-bits-1.0/board_B	0.2840
kaykit/board-game-bits-1.0/building_blue	0.7107
kaykit/board-game-bits-1.0/building_green	0.7107
kaykit/board-game-bits-1.0/building_red	0.7107
kaykit/board-game-bits-1.0/building_yellow	0.7107
kaykit/board-game-bits-1.0/card_base	0.3657
kaykit/board-game-bits-1.0/card_clubs_ace	0.3657
kaykit/board-game-bits-1.0/card_clubs_eight	0.3657
kaykit/board-game-bits-1.0/card_clubs_five	0.3657
kaykit/board-game-bits-1.0/card_clubs_four	0.3657
kaykit/board-game-bits-1.0/card_clubs_jack	0.3657
kaykit/board-game-bits-1.0/card_clubs_king	0.3657
kaykit/board-game-bits-1.0/card_clubs_nine	0.3657
kaykit/board-game-bits-1.0/card_clubs_queen	0.3657
kaykit/board-game-bits-1.0/card_clubs_seven	0.3657
kaykit/board-game-bits-1.0/card_clubs_six	0.3657
kaykit/board-game-bits-1.0/card_clubs_ten	0.3657
kaykit/board-game-bits-1.0/card_clubs_three	0.3657
kaykit/board-game-bits-1.0/card_clubs_two	0.3657
kaykit/board-game-bits-1.0/card_diamonds_ace	0.3657
kaykit/board-game-bits-1.0/card_diamonds_eight	0.3657
kaykit/board-game-bits-1.0/card_diamonds_five	0.3657
kaykit/board-game-bits-1.0/card_diamonds_four	0.3657
kaykit/board-game-bits-1.0/card_diamonds_jack	0.3657
kaykit/board-game-bits-1.0/card_diamonds_king	0.3657
kaykit/board-game-bits-1.0/card_diamonds_nine	0.3657
kaykit/board-game-bits-1.0/card_diamonds_queen	0.3657
kaykit/board-game-bits-1.0/card_diamonds_seven	0.3657
kaykit/board-game-bits-1.0/card_diamonds_six	0.3657
kaykit/board-game-bits-1.0/card_diamonds_ten	0.3657
kaykit/board-game-bits-1.0/card_diamonds_three	0.3657
kaykit/board-game-bits-1.0/card_diamonds_two	0.3657
kaykit/board-game-bits-1.0/card_hearts_ace	0.3657
kaykit/board-game-bits-1.0/card_hearts_eight	0.3657
kaykit/board-game-bits-1.0/card_hearts_five	0.3657
kaykit/board-game-bits-1.0/card_hearts_four	0.3657
kaykit/board-game-bits-1.0/card_hearts_jack	0.3657
kaykit/board-game-bits-1.0/card_hearts_king	0.3657
kaykit/board-game-bits-1.0/card_hearts_nine	0.3657
kaykit/board-game-bits-1.0/card_hearts_queen	0.3657
kaykit/board-game-bits-1.0/card_hearts_seven	0.3657
kaykit/board-game-bits-1.0/card_hearts_six	0.3657
kaykit/board-game-bits-1.0/card_hearts_ten	0.3657
kaykit/board-game-bits-1.0/card_hearts_three	0.3657
kaykit/board-game-bits-1.0/card_hearts_two	0.3657
kaykit/board-game-bits-1.0/card_joker_A	0.3657
kaykit/board-game-bits-1.0/card_joker_B	0.3657
kaykit/board-game-bits-1.0/card_spades_ace	0.3657
kaykit/board-game-bits-1.0/card_spades_eight	0.3657
kaykit/board-game-bits-1.0/card_spades_five	0.3657
kaykit/board-game-bits-1.0/card_spades_four	0.3657
kaykit/board-game-bits-1.0/card_spades_jack	0.3657
kaykit/board-game-bits-1.0/card_spades_king	0.3657
kaykit/board-game-bits-1.0/card_spades_nine	0.3657
kaykit/board-game-bits-1.0/card_spades_queen	0.3657
kaykit/board-game-bits-1.0/card_spades_seven	0.3657
kaykit/board-game-bits-1.0/card_spades_six	0.3657
kaykit/board-game-bits-1.0/card_spades_ten	0.3657
kaykit/board-game-bits-1.0/card_spades_three	0.3657
kaykit/board-game-bits-1.0/card_spades_two	0.3657
kaykit/board-game-bits-1.0/checker_black_double	0.4988
kaykit/board-game-bits-1.0/checker_black_single	0.3469
kaykit/board-game-bits-1.0/checker_white_double	0.4988
kaykit/board-game-bits-1.0/checker_white_single	0.3469
kaykit/board-game-bits-1.0/chess_black_bishop	0.1988
kaykit/board-game-bits-1.0/chess_black_king	0.1630
kaykit/board-game-bits-1.0/chess_black_knight	0.2760
kaykit/board-game-bits-1.0/chess_black_pawn	0.2700
kaykit/board-game-bits-1.0/chess_black_queen	0.1894
kaykit/board-game-bits-1.0/chess_black_rook	0.3909
kaykit/board-game-bits-1.0/chess_white_bishop	0.1988
kaykit/board-game-bits-1.0/chess_white_king	0.1630
kaykit/board-game-bits-1.0/chess_white_knight	0.2760
kaykit/board-game-bits-1.0/chess_white_pawn	0.2700
kaykit/board-game-bits-1.0/chess_white_queen	0.1894
kaykit/board-game-bits-1.0/chess_white_rook	0.3909
kaykit/board-game-bits-1.0/chip_A_blue	0.2645
kaykit/board-game-bits-1.0/chip_A_green	0.2645
kaykit/board-game-bits-1.0/chip_A_red	0.2645
kaykit/board-game-bits-1.0/chip_A_yellow	0.2645
kaykit/board-game-bits-1.0/chip_B_blue	0.2645
kaykit/board-game-bits-1.0/chip_B_green	0.2645
kaykit/board-game-bits-1.0/chip_B_red	0.2645
kaykit/board-game-bits-1.0/chip_B_yellow	0.2645
kaykit/board-game-bits-1.0/coin_10_copper	0.2956
kaykit/board-game-bits-1.0/coin_10_gold	0.2956
kaykit/board-game-bits-1.0/coin_10_silver	0.2956
kaykit/board-game-bits-1.0/coin_1_copper	0.2956
kaykit/board-game-bits-1.0/coin_1_gold	0.2956
kaykit/board-game-bits-1.0/coin_1_silver	0.2956
kaykit/board-game-bits-1.0/coin_2_copper	0.2956
kaykit/board-game-bits-1.0/coin_2_gold	0.2956
kaykit/board-game-bits-1.0/coin_2_silver	0.2956
kaykit/board-game-bits-1.0/coin_5_copper	0.2956
kaykit/board-game-bits-1.0/coin_5_gold	0.2956
kaykit/board-game-bits-1.0/coin_5_silver	0.2956
kaykit/board-game-bits-1.0/coin_copper	0.2956
kaykit/board-game-bits-1.0/coin_gold	0.2956
kaykit/board-game-bits-1.0/coin_silver	0.2956
kaykit/board-game-bits-1.0/container_A	0.3835
kaykit/board-game-bits-1.0/container_A_tall	0.5377
kaykit/board-game-bits-1.0/container_B	0.3521
kaykit/board-game-bits-1.0/container_B_tall	0.4621
kaykit/board-game-bits-1.0/container_C	0.4199
kaykit/board-game-bits-1.0/cube_blue	0.9287
kaykit/board-game-bits-1.0/cube_copper	0.9287
kaykit/board-game-bits-1.0/cube_gold	0.9287
kaykit/board-game-bits-1.0/cube_green	0.9287
kaykit/board-game-bits-1.0/cube_red	0.9287
kaykit/board-game-bits-1.0/cube_silver	0.9287
kaykit/board-game-bits-1.0/cube_yellow	0.9287
kaykit/board-game-bits-1.0/D20_blue	0.4298
kaykit/board-game-bits-1.0/D20_green	0.4298
kaykit/board-game-bits-1.0/D20_red	0.4298
kaykit/board-game-bits-1.0/D20_yellow	0.4298
kaykit/board-game-bits-1.0/D4_blue	0.3019
kaykit/board-game-bits-1.0/D4_green	0.3019
kaykit/board-game-bits-1.0/D4_red	0.3019
kaykit/board-game-bits-1.0/D4_yellow	0.3019
kaykit/board-game-bits-1.0/D6_A	0.9105
kaykit/board-game-bits-1.0/D6_A_blue	0.9105
kaykit/board-game-bits-1.0/D6_A_green	0.9105
kaykit/board-game-bits-1.0/D6_A_red	0.9105
kaykit/board-game-bits-1.0/D6_A_yellow	0.9105
kaykit/board-game-bits-1.0/D6_B	0.9221
kaykit/board-game-bits-1.0/D6_B_blue	0.9221
kaykit/board-game-bits-1.0/D6_B_green	0.9221
kaykit/board-game-bits-1.0/D6_B_red	0.9221
kaykit/board-game-bits-1.0/D6_B_yellow	0.9221
kaykit/board-game-bits-1.0/D6_C_blue	0.9221
kaykit/board-game-bits-1.0/D6_C_green	0.9221
kaykit/board-game-bits-1.0/D6_C_red	0.9221
kaykit/board-game-bits-1.0/D6_C_yellow	0.9221
kaykit/board-game-bits-1.0/D8_blue	0.3013
kaykit/board-game-bits-1.0/D8_green	0.3013
kaykit/board-game-bits-1.0/D8_red	0.3013
kaykit/board-game-bits-1.0/D8_yellow	0.3013
kaykit/board-game-bits-1.0/domino_tile_0-0	0.1973
kaykit/board-game-bits-1.0/domino_tile_0-1	0.1973
kaykit/board-game-bits-1.0/domino_tile_0-2	0.1973
kaykit/board-game-bits-1.0/domino_tile_0-3	0.1973
kaykit/board-game-bits-1.0/domino_tile_0-4	0.1973
kaykit/board-game-bits-1.0/domino_tile_0-5	0.1973
kaykit/board-game-bits-1.0/domino_tile_0-6	0.1973
kaykit/board-game-bits-1.0/domino_tile_1-1	0.1973
kaykit/board-game-bits-1.0/domino_tile_1-2	0.1973
kaykit/board-game-bits-1.0/domino_tile_1-3	0.1973
kaykit/board-game-bits-1.0/domino_tile_1-4	0.1973
kaykit/board-game-bits-1.0/domino_tile_1-5	0.1973
kaykit/board-game-bits-1.0/domino_tile_1-6	0.1973
kaykit/board-game-bits-1.0/domino_tile_2-2	0.1973
kaykit/board-game-bits-1.0/domino_tile_2-3	0.1973
kaykit/board-game-bits-1.0/domino_tile_2-4	0.1973
kaykit/board-game-bits-1.0/domino_tile_2-5	0.1973
kaykit/board-game-bits-1.0/domino_tile_2-6	0.1973
kaykit/board-game-bits-1.0/domino_tile_3-3	0.1973
kaykit/board-game-bits-1.0/domino_tile_3-4	0.1973
kaykit/board-game-bits-1.0/domino_tile_3-5	0.1973
kaykit/board-game-bits-1.0/domino_tile_3-6	0.1973
kaykit/board-game-bits-1.0/domino_tile_4-4	0.1973
kaykit/board-game-bits-1.0/domino_tile_4-5	0.1973
kaykit/board-game-bits-1.0/domino_tile_4-6	0.1973
kaykit/board-game-bits-1.0/domino_tile_5-5	0.1973
kaykit/board-game-bits-1.0/domino_tile_5-6	0.1973
kaykit/board-game-bits-1.0/domino_tile_6-6	0.1973
kaykit/board-game-bits-1.0/flag_A_blue	0.1606
kaykit/board-game-bits-1.0/flag_A_green	0.1606
kaykit/board-game-bits-1.0/flag_A_red	0.1606
kaykit/board-game-bits-1.0/flag_A_yellow	0.1606
kaykit/board-game-bits-1.0/flag_B_blue	0.1889
kaykit/board-game-bits-1.0/flag_B_green	0.1889
kaykit/board-game-bits-1.0/flag_B_red	0.1889
kaykit/board-game-bits-1.0/flag_B_yellow	0.1889
kaykit/board-game-bits-1.0/hourglass	0.2278
kaykit/board-game-bits-1.0/hourglass_empty	0.2278
kaykit/board-game-bits-1.0/meeple_blue	0.3628
kaykit/board-game-bits-1.0/meeple_green	0.3628
kaykit/board-game-bits-1.0/meeple_red	0.3628
kaykit/board-game-bits-1.0/meeple_yellow	0.3628
kaykit/board-game-bits-1.0/pawn_A_blue	0.2720
kaykit/board-game-bits-1.0/pawn_A_green	0.2720
kaykit/board-game-bits-1.0/pawn_A_red	0.2720
kaykit/board-game-bits-1.0/pawn_A_yellow	0.2720
kaykit/board-game-bits-1.0/pawn_B_blue	0.2120
kaykit/board-game-bits-1.0/pawn_B_green	0.2120
kaykit/board-game-bits-1.0/pawn_B_red	0.2120
kaykit/board-game-bits-1.0/pawn_B_yellow	0.2120
kaykit/board-game-bits-1.0/playercard_barbarian_blue	0.4252
kaykit/board-game-bits-1.0/playercard_barbarian_green	0.4252
kaykit/board-game-bits-1.0/playercard_barbarian_red	0.4252
kaykit/board-game-bits-1.0/playercard_barbarian_yellow	0.4252
kaykit/board-game-bits-1.0/playercard_knight_blue	0.4252
kaykit/board-game-bits-1.0/playercard_knight_green	0.4252
kaykit/board-game-bits-1.0/playercard_knight_red	0.4252
kaykit/board-game-bits-1.0/playercard_knight_yellow	0.4252
kaykit/board-game-bits-1.0/playercard_mage_blue	0.4252
kaykit/board-game-bits-1.0/playercard_mage_green	0.4252
kaykit/board-game-bits-1.0/playercard_mage_red	0.4252
kaykit/board-game-bits-1.0/playercard_mage_yellow	0.4252
kaykit/board-game-bits-1.0/playercard_rogue_blue	0.4252
kaykit/board-game-bits-1.0/playercard_rogue_green	0.4252
kaykit/board-game-bits-1.0/playercard_rogue_red	0.4252
kaykit/board-game-bits-1.0/playercard_rogue_yellow	0.4252
kaykit/board-game-bits-1.0/playercard_skeleton_brute	0.4252
kaykit/board-game-bits-1.0/playercard_skeleton_mage	0.4252
kaykit/board-game-bits-1.0/playercard_skeleton_minion	0.4252
kaykit/board-game-bits-1.0/playercard_skeleton_rogue	0.4252
kaykit/board-game-bits-1.0/playerstand	0.3496
kaykit/board-game-bits-1.0/playerstand_blue	0.3496
kaykit/board-game-bits-1.0/playerstand_green	0.3496
kaykit/board-game-bits-1.0/playerstand_purple	0.3496
kaykit/board-game-bits-1.0/playerstand_red	0.3496
kaykit/board-game-bits-1.0/playerstand_yellow	0.3496
kaykit/board-game-bits-1.0/tile_barbarian_blue	0.3916
kaykit/board-game-bits-1.0/tile_barbarian_green	0.3916
kaykit/board-game-bits-1.0/tile_barbarian_red	0.3916
kaykit/board-game-bits-1.0/tile_barbarian_yellow	0.3916
kaykit/board-game-bits-1.0/tile_blue	0.3916
kaykit/board-game-bits-1.0/tile_green	0.3916
kaykit/board-game-bits-1.0/tile_knight_blue	0.3916
kaykit/board-game-bits-1.0/tile_knight_green	0.3916
kaykit/board-game-bits-1.0/tile_knight_red	0.3916
kaykit/board-game-bits-1.0/tile_knight_yellow	0.3916
kaykit/board-game-bits-1.0/tile_mage_blue	0.3916
kaykit/board-game-bits-1.0/tile_mage_green	0.3916
kaykit/board-game-bits-1.0/tile_mage_red	0.3916
kaykit/board-game-bits-1.0/tile_mage_yellow	0.3916
kaykit/board-game-bits-1.0/tile_purple	0.3916
kaykit/board-game-bits-1.0/tile_red	0.3916
kaykit/board-game-bits-1.0/tile_rogue_blue	0.3916
kaykit/board-game-bits-1.0/tile_rogue_green	0.3916
kaykit/board-game-bits-1.0/tile_rogue_red	0.3916
kaykit/board-game-bits-1.0/tile_rogue_yellow	0.3916
kaykit/board-game-bits-1.0/tile_skeleton_brute	0.3916
kaykit/board-game-bits-1.0/tile_skeleton_mage	0.3916
kaykit/board-game-bits-1.0/tile_skeleton_minion	0.3916
kaykit/board-game-bits-1.0/tile_skeleton_rogue	0.3916
kaykit/board-game-bits-1.0/tile_yellow	0.3916
kaykit/board-game-bits-1.0/token_blue	0.2374
kaykit/board-game-bits-1.0/token_green	0.2374
kaykit/board-game-bits-1.0/token_red	0.2374
kaykit/board-game-bits-1.0/token_yellow	0.2374
kaykit/fantasy-weapons-bits-1.0/arrow_A	0.0246
kaykit/fantasy-weapons-bits-1.0/arrow_B	0.0234
kaykit/fantasy-weapons-bits-1.0/arrow_C	0.0128
kaykit/fantasy-weapons-bits-1.0/axe_A	0.1624
kaykit/fantasy-weapons-bits-1.0/axe_B	0.1450
kaykit/fantasy-weapons-bits-1.0/axe_C	0.1646
kaykit/fantasy-weapons-bits-1.0/axe_D	0.1603
kaykit/fantasy-weapons-bits-1.0/bow_A	0.0215
kaykit/fantasy-weapons-bits-1.0/bow_A_withString	0.0256
kaykit/fantasy-weapons-bits-1.0/bow_B	0.0370
kaykit/fantasy-weapons-bits-1.0/bow_B_withString	0.0418
kaykit/fantasy-weapons-bits-1.0/bow_C	0.0261
kaykit/fantasy-weapons-bits-1.0/bow_C_withString	0.0273
kaykit/fantasy-weapons-bits-1.0/dagger_A	0.0539
kaykit/fantasy-weapons-bits-1.0/dagger_B	0.0502
kaykit/fantasy-weapons-bits-1.0/dagger_C	0.0655
kaykit/fantasy-weapons-bits-1.0/fistweapon_A	0.2471
kaykit/fantasy-weapons-bits-1.0/fistweapon_A_stacked	0.2039
kaykit/fantasy-weapons-bits-1.0/fistweapon_B	0.2016
kaykit/fantasy-weapons-bits-1.0/fistweapon_B_stacked	0.1486
kaykit/fantasy-weapons-bits-1.0/fistweapon_C_left	0.4423
kaykit/fantasy-weapons-bits-1.0/fistweapon_C_right	0.4828
kaykit/fantasy-weapons-bits-1.0/fistweapon_C_stacked	0.3112
kaykit/fantasy-weapons-bits-1.0/halberd	0.0633
kaykit/fantasy-weapons-bits-1.0/hammer_A	0.2591
kaykit/fantasy-weapons-bits-1.0/hammer_B	0.0963
kaykit/fantasy-weapons-bits-1.0/hammer_C	0.0896
kaykit/fantasy-weapons-bits-1.0/hammer_D	0.1498
kaykit/fantasy-weapons-bits-1.0/scythe	0.0759
kaykit/fantasy-weapons-bits-1.0/shield_A	0.3702
kaykit/fantasy-weapons-bits-1.0/shield_B	0.2943
kaykit/fantasy-weapons-bits-1.0/shield_C	0.4008
kaykit/fantasy-weapons-bits-1.0/shield_D	0.2782
kaykit/fantasy-weapons-bits-1.0/spear_A	0.0233
kaykit/fantasy-weapons-bits-1.0/spear_B	0.0344
kaykit/fantasy-weapons-bits-1.0/staff_A	0.0298
kaykit/fantasy-weapons-bits-1.0/staff_B	0.0373
kaykit/fantasy-weapons-bits-1.0/staff_C	0.0389
kaykit/fantasy-weapons-bits-1.0/staff_D	0.0537
kaykit/fantasy-weapons-bits-1.0/staff_D_shards	0.0360
kaykit/fantasy-weapons-bits-1.0/sword_A	0.0698
kaykit/fantasy-weapons-bits-1.0/sword_B	0.0577
kaykit/fantasy-weapons-bits-1.0/sword_C	0.0304
kaykit/fantasy-weapons-bits-1.0/sword_D	0.0365
kaykit/fantasy-weapons-bits-1.0/sword_E	0.0300
kaykit/fantasy-weapons-bits-1.0/sword_F	0.0523
kaykit/fantasy-weapons-bits-1.0/sword_G	0.1016
kaykit/fantasy-weapons-bits-1.0/wand_A	0.0644
kaykit/fantasy-weapons-bits-1.0/wand_B	0.0861
kaykit/furniture-bits-1.0/armchair	0.6450
kaykit/furniture-bits-1.0/armchair_pillows	0.6450
kaykit/furniture-bits-1.0/bed_double_A	0.4041
kaykit/furniture-bits-1.0/bed_double_B	0.4032
kaykit/furniture-bits-1.0/bed_single_A	0.2518
kaykit/furniture-bits-1.0/bed_single_B	0.2629
kaykit/furniture-bits-1.0/book_set	0.5184
kaykit/furniture-bits-1.0/book_single	0.5610
kaykit/furniture-bits-1.0/cabinet_medium	0.3722
kaykit/furniture-bits-1.0/cabinet_medium_decorated	0.4485
kaykit/furniture-bits-1.0/cabinet_small	0.7993
kaykit/furniture-bits-1.0/cabinet_small_decorated	0.3861
kaykit/furniture-bits-1.0/cactus_medium_A	0.4737
kaykit/furniture-bits-1.0/cactus_medium_B	0.4737
kaykit/furniture-bits-1.0/cactus_small_A	0.4425
kaykit/furniture-bits-1.0/cactus_small_B	0.4425
kaykit/furniture-bits-1.0/chair_A	0.4129
kaykit/furniture-bits-1.0/chair_A_wood	0.4129
kaykit/furniture-bits-1.0/chair_B	0.4298
kaykit/furniture-bits-1.0/chair_B_wood	0.4298
kaykit/furniture-bits-1.0/chair_C	0.4700
kaykit/furniture-bits-1.0/chair_desk_A	0.3248
kaykit/furniture-bits-1.0/chair_desk_B	0.3962
kaykit/furniture-bits-1.0/chair_stool	0.6294
kaykit/furniture-bits-1.0/chair_stool_wood	0.6294
kaykit/furniture-bits-1.0/couch	0.3654
kaykit/furniture-bits-1.0/couch_pillows	0.3654
kaykit/furniture-bits-1.0/cup	0.5792
kaykit/furniture-bits-1.0/cup_pencils	0.3057
kaykit/furniture-bits-1.0/desk	0.2456
kaykit/furniture-bits-1.0/desk_decorated	0.3706
kaykit/furniture-bits-1.0/desk_large	0.1888
kaykit/furniture-bits-1.0/desk_large_decorated	0.2942
kaykit/furniture-bits-1.0/gameconsole_handheld	0.1851
kaykit/furniture-bits-1.0/keyboard	0.2705
kaykit/furniture-bits-1.0/lamp_desk	0.2054
kaykit/furniture-bits-1.0/lamp_desk_headphones	0.2432
kaykit/furniture-bits-1.0/lamp_standing	0.1114
kaykit/furniture-bits-1.0/lamp_table	0.5368
kaykit/furniture-bits-1.0/monitor	0.3773
kaykit/furniture-bits-1.0/mouse	0.2960
kaykit/furniture-bits-1.0/mousepad_A	0.2226
kaykit/furniture-bits-1.0/mousepad_B	0.2226
kaykit/furniture-bits-1.0/mousepad_large_A	0.1655
kaykit/furniture-bits-1.0/mousepad_large_B	0.1655
kaykit/furniture-bits-1.0/mug_A	0.3074
kaykit/furniture-bits-1.0/mug_B	0.3934
kaykit/furniture-bits-1.0/pictureframe_large_A	0.4976
kaykit/furniture-bits-1.0/pictureframe_large_B	0.3416
kaykit/furniture-bits-1.0/pictureframe_medium	0.4848
kaykit/furniture-bits-1.0/pictureframe_small_A	0.5698
kaykit/furniture-bits-1.0/pictureframe_small_B	0.4235
kaykit/furniture-bits-1.0/pictureframe_small_C	0.6969
kaykit/furniture-bits-1.0/pictureframe_standing_A	0.5473
kaykit/furniture-bits-1.0/pictureframe_standing_B	0.4246
kaykit/furniture-bits-1.0/pillow_A	0.3141
kaykit/furniture-bits-1.0/pillow_B	0.3141
kaykit/furniture-bits-1.0/rug_oval_A	0.1816
kaykit/furniture-bits-1.0/rug_oval_B	0.1816
kaykit/furniture-bits-1.0/rug_rectangle_A	0.1977
kaykit/furniture-bits-1.0/rug_rectangle_B	0.1977
kaykit/furniture-bits-1.0/rug_rectangle_stripes_A	0.1977
kaykit/furniture-bits-1.0/rug_rectangle_stripes_B	0.1977
kaykit/furniture-bits-1.0/shelf_A_big	0.1271
kaykit/furniture-bits-1.0/shelf_A_small	0.2839
kaykit/furniture-bits-1.0/shelf_B_large	0.1349
kaykit/furniture-bits-1.0/shelf_B_large_decorated	0.2271
kaykit/furniture-bits-1.0/shelf_B_small	0.3146
kaykit/furniture-bits-1.0/shelf_B_small_decorated	0.4509
kaykit/furniture-bits-1.0/table_low	0.2385
kaykit/furniture-bits-1.0/table_low_decorated	0.2521
kaykit/furniture-bits-1.0/table_medium	0.4442
kaykit/furniture-bits-1.0/table_medium_long	0.2920
kaykit/furniture-bits-1.0/table_small	0.7731
kaykit/halloween-bits-1.0/arch	0.2158
kaykit/halloween-bits-1.0/arch_gate	0.2158
kaykit/halloween-bits-1.0/arch_gate_left	0.1024
kaykit/halloween-bits-1.0/arch_gate_right	0.1030
kaykit/halloween-bits-1.0/bench	0.2142
kaykit/halloween-bits-1.0/bench_decorated	0.3789
kaykit/halloween-bits-1.0/bone_A	0.1738
kaykit/halloween-bits-1.0/bone_B	0.1817
kaykit/halloween-bits-1.0/bone_C	0.0977
kaykit/halloween-bits-1.0/candle	0.2371
kaykit/halloween-bits-1.0/candle_melted	0.2911
kaykit/halloween-bits-1.0/candle_thin	0.1338
kaykit/halloween-bits-1.0/candle_triple	0.3228
kaykit/halloween-bits-1.0/candycorn	0.3432
kaykit/halloween-bits-1.0/candy_blue_A	0.2455
kaykit/halloween-bits-1.0/candy_blue_B	0.2455
kaykit/halloween-bits-1.0/candy_brown_A	0.2455
kaykit/halloween-bits-1.0/candy_brown_B	0.2455
kaykit/halloween-bits-1.0/candy_brown_C	0.2455
kaykit/halloween-bits-1.0/candy_bucket_A	0.6423
kaykit/halloween-bits-1.0/candy_bucket_A_decorated	0.3991
kaykit/halloween-bits-1.0/candy_bucket_A_decorated_handle	0.0851
kaykit/halloween-bits-1.0/candy_bucket_A_handle	0.0851
kaykit/halloween-bits-1.0/candy_bucket_B	0.5261
kaykit/halloween-bits-1.0/candy_bucket_B_decorated	0.4299
kaykit/halloween-bits-1.0/candy_bucket_B_decorated_handle	0.0851
kaykit/halloween-bits-1.0/candy_bucket_B_handle	0.0851
kaykit/halloween-bits-1.0/candy_green_A	0.2455
kaykit/halloween-bits-1.0/candy_green_B	0.2455
kaykit/halloween-bits-1.0/candy_green_C	0.2455
kaykit/halloween-bits-1.0/candy_orange_A	0.2455
kaykit/halloween-bits-1.0/candy_orange_B	0.2455
kaykit/halloween-bits-1.0/candy_orange_C	0.2455
kaykit/halloween-bits-1.0/candy_pink_A	0.2455
kaykit/halloween-bits-1.0/candy_pink_B	0.2455
kaykit/halloween-bits-1.0/candy_purple_A	0.2455
kaykit/halloween-bits-1.0/candy_purple_B	0.2455
kaykit/halloween-bits-1.0/coffin	0.2720
kaykit/halloween-bits-1.0/coffin_decorated	0.2720
kaykit/halloween-bits-1.0/coffin_lid	0.1829
kaykit/halloween-bits-1.0/crypt	0.6587
kaykit/halloween-bits-1.0/fence	0.2159
kaykit/halloween-bits-1.0/fence_broken	0.1744
kaykit/halloween-bits-1.0/fence_gate	0.1005
kaykit/halloween-bits-1.0/fence_gate_left	0.1024
kaykit/halloween-bits-1.0/fence_gate_right	0.1030
kaykit/halloween-bits-1.0/fence_pillar	0.1722
kaykit/halloween-bits-1.0/fence_pillar_broken	0.2544
kaykit/halloween-bits-1.0/fence_seperate	0.0874
kaykit/halloween-bits-1.0/fence_seperate_broken	0.0820
kaykit/halloween-bits-1.0/floor_dirt	0.3509
kaykit/halloween-bits-1.0/floor_dirt_grave	0.3941
kaykit/halloween-bits-1.0/floor_dirt_small	0.4326
kaykit/halloween-bits-1.0/gravemarker_A	0.1762
kaykit/halloween-bits-1.0/gravemarker_B	0.1773
kaykit/halloween-bits-1.0/gravestone	0.5155
kaykit/halloween-bits-1.0/grave_A	0.4499
kaykit/halloween-bits-1.0/grave_A_destroyed	0.4863
kaykit/halloween-bits-1.0/grave_B	0.3922
kaykit/halloween-bits-1.0/haybale	0.3671
kaykit/halloween-bits-1.0/lantern_hanging	0.1997
kaykit/halloween-bits-1.0/lantern_standing	0.4081
kaykit/halloween-bits-1.0/lollipop_blue	0.1323
kaykit/halloween-bits-1.0/lollipop_brown	0.1323
kaykit/halloween-bits-1.0/lollipop_green	0.1323
kaykit/halloween-bits-1.0/lollipop_orange	0.1323
kaykit/halloween-bits-1.0/lollipop_pink	0.1323
kaykit/halloween-bits-1.0/lollipop_purple	0.1323
kaykit/halloween-bits-1.0/maze_short	0.4071
kaykit/halloween-bits-1.0/maze_tall	0.2594
kaykit/halloween-bits-1.0/path_A	0.2639
kaykit/halloween-bits-1.0/path_B	0.2742
kaykit/halloween-bits-1.0/path_C	0.2150
kaykit/halloween-bits-1.0/path_D	0.1128
kaykit/halloween-bits-1.0/pillar	0.1722
kaykit/halloween-bits-1.0/pitchfork	0.0565
kaykit/halloween-bits-1.0/plaque	0.3253
kaykit/halloween-bits-1.0/plaque_candles	0.3677
kaykit/halloween-bits-1.0/post	0.0927
kaykit/halloween-bits-1.0/post_lantern	0.0927
kaykit/halloween-bits-1.0/post_lantern_lantern	0.1997
kaykit/halloween-bits-1.0/post_skull	0.0927
kaykit/halloween-bits-1.0/post_skull_skull	0.2479
kaykit/halloween-bits-1.0/pumpkin_orange	0.4420
kaykit/halloween-bits-1.0/pumpkin_orange_jackolantern	0.4271
kaykit/halloween-bits-1.0/pumpkin_orange_small	0.4807
kaykit/halloween-bits-1.0/pumpkin_yellow	0.4420
kaykit/halloween-bits-1.0/pumpkin_yellow_jackolantern	0.4271
kaykit/halloween-bits-1.0/pumpkin_yellow_small	0.4807
kaykit/halloween-bits-1.0/ribcage	0.3908
kaykit/halloween-bits-1.0/scarecrow	0.2078
kaykit/halloween-bits-1.0/shrine	0.3178
kaykit/halloween-bits-1.0/shrine_candles	0.3802
kaykit/halloween-bits-1.0/sign_both	0.2039
kaykit/halloween-bits-1.0/sign_left	0.2197
kaykit/halloween-bits-1.0/sign_right	0.2286
kaykit/halloween-bits-1.0/skull	0.6375
kaykit/halloween-bits-1.0/skull_candle	0.4016
kaykit/halloween-bits-1.0/tractor	0.2381
kaykit/halloween-bits-1.0/tractor_steeringwheel	0.2307
kaykit/halloween-bits-1.0/tractor_wheel_front_left	0.3897
kaykit/halloween-bits-1.0/tractor_wheel_front_right	0.3897
kaykit/halloween-bits-1.0/tractor_wheel_rear_left	0.4321
kaykit/halloween-bits-1.0/tractor_wheel_rear_right	0.4321
kaykit/halloween-bits-1.0/tree_dead_large	0.0472
kaykit/halloween-bits-1.0/tree_dead_large_decorated	0.0640
kaykit/halloween-bits-1.0/tree_dead_medium	0.0432
kaykit/halloween-bits-1.0/tree_dead_small	0.0674
kaykit/halloween-bits-1.0/tree_pine_orange_large	0.1835
kaykit/halloween-bits-1.0/tree_pine_orange_medium	0.1659
kaykit/halloween-bits-1.0/tree_pine_orange_small	0.1695
kaykit/halloween-bits-1.0/tree_pine_yellow_large	0.1835
kaykit/halloween-bits-1.0/tree_pine_yellow_medium	0.1659
kaykit/halloween-bits-1.0/tree_pine_yellow_small	0.1695
kaykit/halloween-bits-1.0/wagon	0.2370
kaykit/halloween-bits-1.0/wagon_hay	0.2827
kaykit/halloween-bits-1.0/wagon_hay_wheel_front_left	0.3290
kaykit/halloween-bits-1.0/wagon_hay_wheel_front_right	0.3290
kaykit/halloween-bits-1.0/wagon_hay_wheel_rear_left	0.3290
kaykit/halloween-bits-1.0/wagon_hay_wheel_rear_right	0.3290
kaykit/halloween-bits-1.0/wagon_wheel_front_left	0.3290
kaykit/halloween-bits-1.0/wagon_wheel_front_right	0.3290
kaykit/halloween-bits-1.0/wagon_wheel_rear_left	0.3290
kaykit/halloween-bits-1.0/wagon_wheel_rear_right	0.3290
kaykit/halloween-bits-1.0/wooden_gate	0.2213
kaykit/halloween-bits-1.0/wooden_gate_halloween	0.1889
kaykit/holiday-bits-1.0/basketball	0.5239
kaykit/holiday-bits-1.0/bell	0.4816
kaykit/holiday-bits-1.0/bell_clapper	0.0868
kaykit/holiday-bits-1.0/bell_decorated	0.5179
kaykit/holiday-bits-1.0/bell_decorated_clapper	0.0868
kaykit/holiday-bits-1.0/bell_decorated_ring	0.2865
kaykit/holiday-bits-1.0/bell_ring	0.2865
kaykit/holiday-bits-1.0/candycane_large	0.1062
kaykit/holiday-bits-1.0/candycane_small	0.1654
kaykit/holiday-bits-1.0/candy_A_blue	0.3538
kaykit/holiday-bits-1.0/candy_A_green	0.3538
kaykit/holiday-bits-1.0/candy_A_pink	0.3538
kaykit/holiday-bits-1.0/candy_A_yellow	0.3538
kaykit/holiday-bits-1.0/candy_B_blue	0.6082
kaykit/holiday-bits-1.0/candy_B_green	0.6082
kaykit/holiday-bits-1.0/candy_B_pink	0.6082
kaykit/holiday-bits-1.0/candy_B_yellow	0.6082
kaykit/holiday-bits-1.0/candy_C_blue	0.3300
kaykit/holiday-bits-1.0/candy_C_green	0.3300
kaykit/holiday-bits-1.0/candy_C_pink	0.3300
kaykit/holiday-bits-1.0/candy_C_yellow	0.3300
kaykit/holiday-bits-1.0/candy_peppermint	0.3658
kaykit/holiday-bits-1.0/carpet_round_large	0.2179
kaykit/holiday-bits-1.0/carpet_round_small	0.2214
kaykit/holiday-bits-1.0/chair_large_blue	0.5261
kaykit/holiday-bits-1.0/chair_large_brown	0.5261
kaykit/holiday-bits-1.0/chair_large_green	0.5261
kaykit/holiday-bits-1.0/chair_large_red	0.5261
kaykit/holiday-bits-1.0/christmas_tree	0.2038
kaykit/holiday-bits-1.0/christmas_tree_base	0.5046
kaykit/holiday-bits-1.0/christmas_tree_decorated	0.2757
kaykit/holiday-bits-1.0/christmas_tree_withoutLights	0.2017
kaykit/holiday-bits-1.0/cookie	0.2697
kaykit/holiday-bits-1.0/cube_gingerbread_large_A	0.9323
kaykit/holiday-bits-1.0/cube_gingerbread_large_B	0.8994
kaykit/holiday-bits-1.0/cube_gingerbread_slope	0.5022
kaykit/holiday-bits-1.0/cube_gingerbread_small_A	0.9003
kaykit/holiday-bits-1.0/cube_gingerbread_small_B	0.8081
kaykit/holiday-bits-1.0/door_gingerbread	0.3823
kaykit/holiday-bits-1.0/floor_gingerbread_large	0.3910
kaykit/holiday-bits-1.0/floor_gingerbread_small	0.4920
kaykit/holiday-bits-1.0/football	0.5179
kaykit/holiday-bits-1.0/footstool_blue	0.4402
kaykit/holiday-bits-1.0/footstool_brown	0.4402
kaykit/holiday-bits-1.0/footstool_green	0.4402
kaykit/holiday-bits-1.0/footstool_red	0.4402
kaykit/holiday-bits-1.0/gingerbread_house	0.4740
kaykit/holiday-bits-1.0/gingerbread_house_decorated	0.5190
kaykit/holiday-bits-1.0/gingerbread_man	0.1746
kaykit/holiday-bits-1.0/hot_chocolate	0.3934
kaykit/holiday-bits-1.0/hot_chocolate_decorated	0.3868
kaykit/holiday-bits-1.0/lantern	0.0572
kaykit/holiday-bits-1.0/lantern_decorated	0.0685
kaykit/holiday-bits-1.0/lantern_mini	0.1002
kaykit/holiday-bits-1.0/milk	0.3535
kaykit/holiday-bits-1.0/mistletoe_A	0.2276
kaykit/holiday-bits-1.0/mistletoe_B	0.1120
kaykit/holiday-bits-1.0/pillar_gingerbread_large_A	0.4646
kaykit/holiday-bits-1.0/pillar_gingerbread_large_B	0.4696
kaykit/holiday-bits-1.0/pillar_gingerbread_small_A	0.2058
kaykit/holiday-bits-1.0/pillar_gingerbread_small_B	0.2092
kaykit/holiday-bits-1.0/plate_blue	0.2631
kaykit/holiday-bits-1.0/plate_decorated_A	0.3066
kaykit/holiday-bits-1.0/plate_decorated_B	0.3648
kaykit/holiday-bits-1.0/plate_red	0.2631
kaykit/holiday-bits-1.0/plate_small_blue	0.2772
kaykit/holiday-bits-1.0/plate_small_red	0.2772
kaykit/holiday-bits-1.0/plate_small_white	0.2772
kaykit/holiday-bits-1.0/plate_white	0.2631
kaykit/holiday-bits-1.0/present_A_blue	0.6501
kaykit/holiday-bits-1.0/present_A_green	0.6501
kaykit/holiday-bits-1.0/present_A_red	0.6501
kaykit/holiday-bits-1.0/present_A_white	0.6501
kaykit/holiday-bits-1.0/present_A_yellow	0.6501
kaykit/holiday-bits-1.0/present_B_blue	0.3470
kaykit/holiday-bits-1.0/present_B_green	0.3470
kaykit/holiday-bits-1.0/present_B_red	0.3470
kaykit/holiday-bits-1.0/present_B_white	0.3470
kaykit/holiday-bits-1.0/present_B_yellow	0.3470
kaykit/holiday-bits-1.0/present_C_blue	0.4354
kaykit/holiday-bits-1.0/present_C_green	0.4354
kaykit/holiday-bits-1.0/present_C_red	0.4354
kaykit/holiday-bits-1.0/present_C_white	0.4354
kaykit/holiday-bits-1.0/present_C_yellow	0.4354
kaykit/holiday-bits-1.0/present_D_blue	0.7861
kaykit/holiday-bits-1.0/present_D_green	0.7861
kaykit/holiday-bits-1.0/present_D_red	0.7861
kaykit/holiday-bits-1.0/present_D_white	0.7861
kaykit/holiday-bits-1.0/present_D_yellow	0.7861
kaykit/holiday-bits-1.0/present_E_blue	0.2267
kaykit/holiday-bits-1.0/present_E_green	0.2267
kaykit/holiday-bits-1.0/present_E_red	0.2267
kaykit/holiday-bits-1.0/present_E_white	0.2267
kaykit/holiday-bits-1.0/present_E_yellow	0.2267
kaykit/holiday-bits-1.0/present_F_blue	0.1950
kaykit/holiday-bits-1.0/present_F_green	0.1950
kaykit/holiday-bits-1.0/present_F_red	0.1950
kaykit/holiday-bits-1.0/present_F_white	0.1950
kaykit/holiday-bits-1.0/present_F_yellow	0.1950
kaykit/holiday-bits-1.0/present_sphere_A_blue	0.3864
kaykit/holiday-bits-1.0/present_sphere_A_green	0.3864
kaykit/holiday-bits-1.0/present_sphere_A_red	0.3864
kaykit/holiday-bits-1.0/present_sphere_A_white	0.3864
kaykit/holiday-bits-1.0/present_sphere_A_yellow	0.3864
kaykit/holiday-bits-1.0/present_sphere_B_blue	0.3992
kaykit/holiday-bits-1.0/present_sphere_B_green	0.3992
kaykit/holiday-bits-1.0/present_sphere_B_red	0.3992
kaykit/holiday-bits-1.0/present_sphere_B_white	0.3992
kaykit/holiday-bits-1.0/present_sphere_B_yellow	0.3992
kaykit/holiday-bits-1.0/roof_gingerbread_left	0.6238
kaykit/holiday-bits-1.0/roof_gingerbread_left_overhang	0.6340
kaykit/holiday-bits-1.0/roof_gingerbread_right	0.3930
kaykit/holiday-bits-1.0/roof_gingerbread_right_overhang	0.3914
kaykit/holiday-bits-1.0/snowball	0.4869
kaykit/holiday-bits-1.0/snowball_cannon	0.2884
kaykit/holiday-bits-1.0/snowball_pile	0.3118
kaykit/holiday-bits-1.0/snowman_A	0.3074
kaykit/holiday-bits-1.0/snowman_B	0.2432
kaykit/holiday-bits-1.0/stool	0.4364
kaykit/holiday-bits-1.0/tracks_crossing	0.0895
kaykit/holiday-bits-1.0/tracks_curve	0.0586
kaykit/holiday-bits-1.0/tracks_split_left	0.0603
kaykit/holiday-bits-1.0/tracks_split_left_arrow	0.0927
kaykit/holiday-bits-1.0/tracks_split_left_part	0.0320
kaykit/holiday-bits-1.0/tracks_split_right	0.0625
kaykit/holiday-bits-1.0/tracks_split_right_arrow	0.0928
kaykit/holiday-bits-1.0/tracks_split_right_part	0.0292
kaykit/holiday-bits-1.0/tracks_straight	0.0981
kaykit/holiday-bits-1.0/tracks_straight_station	0.0446
kaykit/holiday-bits-1.0/train_locomotive	0.3469
kaykit/holiday-bits-1.0/train_tender_coal	0.5265
kaykit/holiday-bits-1.0/train_tender_empty	0.5265
kaykit/holiday-bits-1.0/train_tender_presents_A	0.4511
kaykit/holiday-bits-1.0/train_tender_presents_B	0.4595
kaykit/holiday-bits-1.0/train_wagon	0.3210
kaykit/holiday-bits-1.0/wall_decoration_candy_A	0.1935
kaykit/holiday-bits-1.0/wall_decoration_candy_B	0.1996
kaykit/holiday-bits-1.0/wall_decoration_candy_C	0.1705
kaykit/holiday-bits-1.0/wall_gingerbread_A	0.6191
kaykit/holiday-bits-1.0/wall_gingerbread_B	0.5452
kaykit/holiday-bits-1.0/wall_gingerbread_doorway_A	0.5223
kaykit/holiday-bits-1.0/wall_gingerbread_doorway_B	0.4521
kaykit/holiday-bits-1.0/wall_gingerbread_slope	0.3146
kaykit/holiday-bits-1.0/wall_gingerbread_window_A	0.6095
kaykit/holiday-bits-1.0/wall_gingerbread_window_B	0.5366
kaykit/holiday-bits-1.0/wreath	0.3400
kaykit/prototype-bits-1.1/Ammo_Box	0.5864
kaykit/prototype-bits-1.1/Ammo_Magazine	0.5653
kaykit/prototype-bits-1.1/Barrel_A	0.7562
kaykit/prototype-bits-1.1/Barrel_B	0.7562
kaykit/prototype-bits-1.1/Barrel_C	0.7562
kaykit/prototype-bits-1.1/Bat	0.0811
kaykit/prototype-bits-1.1/Box_A	0.7891
kaykit/prototype-bits-1.1/Box_B	0.6297
kaykit/prototype-bits-1.1/Box_C	0.5559
kaykit/prototype-bits-1.1/Bullet	0.1767
kaykit/prototype-bits-1.1/Can_A	0.4159
kaykit/prototype-bits-1.1/Can_B	0.4159
kaykit/prototype-bits-1.1/Coin_A	0.4653
kaykit/prototype-bits-1.1/Coin_B	0.4653
kaykit/prototype-bits-1.1/Coin_C	0.4653
kaykit/prototype-bits-1.1/Cube_Prototype_Large_A	0.9471
kaykit/prototype-bits-1.1/Cube_Prototype_Large_B	0.9471
kaykit/prototype-bits-1.1/Cube_Prototype_Small	0.9339
kaykit/prototype-bits-1.1/Door_A	0.3205
kaykit/prototype-bits-1.1/Door_A_Decorated	0.3202
kaykit/prototype-bits-1.1/Door_B	0.3253
kaykit/prototype-bits-1.1/Dummy_Base	0.4744
kaykit/prototype-bits-1.1/Dummy_Base_Dummy_Body	0.4304
kaykit/prototype-bits-1.1/Dummy_Base_Dummy_Body_Dummy_ArmLeft	0.1299
kaykit/prototype-bits-1.1/Dummy_Base_Dummy_Body_Dummy_ArmRight	0.1301
kaykit/prototype-bits-1.1/Dummy_Base_Dummy_Body_Dummy_Head	0.6078
kaykit/prototype-bits-1.1/Dummy_Base_Dummy_Body_Dummy_Target	0.4252
kaykit/prototype-bits-1.1/Floor	0.3509
kaykit/prototype-bits-1.1/Floor_Dirt	0.3509
kaykit/prototype-bits-1.1/Floor_Prototype	0.3509
kaykit/prototype-bits-1.1/Gun_Pistol	0.1612
kaykit/prototype-bits-1.1/Gun_Pistol_Magazine	0.5653
kaykit/prototype-bits-1.1/Gun_Rifle	0.0790
kaykit/prototype-bits-1.1/Gun_Rifle_Magazine	0.5653
kaykit/prototype-bits-1.1/Gun_Sniper	0.0771
kaykit/prototype-bits-1.1/Gun_Sniper_Magazine	0.5653
kaykit/prototype-bits-1.1/Gun_Sniper_Scope	0.3132
kaykit/prototype-bits-1.1/Locker	0.2995
kaykit/prototype-bits-1.1/Locker_Decorated	0.2995
kaykit/prototype-bits-1.1/Locker_Decorated_Locker_Door_Decorated	0.1655
kaykit/prototype-bits-1.1/Locker_Door	0.1608
kaykit/prototype-bits-1.1/Pallet_Large	0.3626
kaykit/prototype-bits-1.1/Pallet_Small	0.4560
kaykit/prototype-bits-1.1/Pallet_Small_Decorated_A	0.7898
kaykit/prototype-bits-1.1/Pallet_Small_Decorated_B	0.5978
kaykit/prototype-bits-1.1/Pillar_A	0.1247
kaykit/prototype-bits-1.1/Pillar_B	0.2180
kaykit/prototype-bits-1.1/Primitive_Beam	0.2159
kaykit/prototype-bits-1.1/Primitive_Cube	0.9586
kaykit/prototype-bits-1.1/Primitive_Cube_Small	0.9586
kaykit/prototype-bits-1.1/Primitive_Doorway	0.5325
kaykit/prototype-bits-1.1/Primitive_Floor	0.4563
kaykit/prototype-bits-1.1/Primitive_Floor_Hole	0.4544
kaykit/prototype-bits-1.1/Primitive_Pillar	0.2327
kaykit/prototype-bits-1.1/Primitive_Slope	0.5181
kaykit/prototype-bits-1.1/Primitive_Slope_Half	0.8145
kaykit/prototype-bits-1.1/Primitive_Slope_Half_InnerCorner	0.9371
kaykit/prototype-bits-1.1/Primitive_Slope_Half_OuterCorner	0.8048
kaykit/prototype-bits-1.1/Primitive_Slope_InnerCorner	0.8389
kaykit/prototype-bits-1.1/Primitive_Slope_OuterCorner	0.4793
kaykit/prototype-bits-1.1/Primitive_Stairs	0.5970
kaykit/prototype-bits-1.1/Primitive_Stairs_Half	0.2996
kaykit/prototype-bits-1.1/Primitive_Wall	0.6584
kaykit/prototype-bits-1.1/Primitive_Wall_Half	0.3715
kaykit/prototype-bits-1.1/Primitive_Wall_OpenCorner	0.5317
kaykit/prototype-bits-1.1/Primitive_Wall_Short	0.3636
kaykit/prototype-bits-1.1/Primitive_Wall_Slope	0.3391
kaykit/prototype-bits-1.1/Primitive_Window	0.6002
kaykit/prototype-bits-1.1/table_medium	0.3347
kaykit/prototype-bits-1.1/table_medium_Decorated	0.4587
kaykit/prototype-bits-1.1/table_medium_long	0.2164
kaykit/prototype-bits-1.1/target	0.4252
kaykit/prototype-bits-1.1/target_pieces_A	0.4076
kaykit/prototype-bits-1.1/target_pieces_B	0.2997
kaykit/prototype-bits-1.1/target_pieces_C	0.2488
kaykit/prototype-bits-1.1/target_pieces_D	0.4086
kaykit/prototype-bits-1.1/target_pieces_E	0.2989
kaykit/prototype-bits-1.1/target_pieces_F	0.2476
kaykit/prototype-bits-1.1/target_small	0.1196
kaykit/prototype-bits-1.1/target_stand_A	0.3330
kaykit/prototype-bits-1.1/target_stand_A_Decorated	0.3150
kaykit/prototype-bits-1.1/target_stand_B	0.3330
kaykit/prototype-bits-1.1/target_wall_large_A	0.5705
kaykit/prototype-bits-1.1/target_wall_large_B	0.5705
kaykit/prototype-bits-1.1/target_wall_small	0.4005
kaykit/prototype-bits-1.1/Wall	0.5611
kaykit/prototype-bits-1.1/Wall_Decorated	0.5568
kaykit/prototype-bits-1.1/Wall_Doorway	0.4360
kaykit/prototype-bits-1.1/Wall_Half	0.2911
kaykit/prototype-bits-1.1/Wall_Target	0.5616
kaykit/prototype-bits-1.1/Wall_Window_Closed	0.5611
kaykit/prototype-bits-1.1/Wall_Window_Open	0.4989
kaykit/prototype-bits-1.1/Weaponrack	0.4513
kaykit/prototype-bits-1.1/Weaponrack_Decorated	0.4334
kaykit/prototype-bits-1.1/Workbench	0.4942
kaykit/prototype-bits-1.1/Workbench_Decorated	0.4972
kaykit/resource-bits-1.0/Containers_Box_Large	0.8922
kaykit/resource-bits-1.0/Containers_Box_Large_Dirty	0.7439
kaykit/resource-bits-1.0/Containers_Box_Medium	0.4212
kaykit/resource-bits-1.0/Containers_Box_Small	0.9019
kaykit/resource-bits-1.0/Containers_Crate_Large	0.6698
kaykit/resource-bits-1.0/Containers_Crate_Medium_Grey	0.4756
kaykit/resource-bits-1.0/Containers_Crate_Medium_Tan	0.3807
kaykit/resource-bits-1.0/Containers_Crate_Medium_Wood	0.2602
kaykit/resource-bits-1.0/Containers_Crate_Small_Green	0.5954
kaykit/resource-bits-1.0/Containers_Crate_Small_Grey	0.5954
kaykit/resource-bits-1.0/Containers_Pile_Large	0.6304
kaykit/resource-bits-1.0/Containers_Pile_Medium	0.6089
kaykit/resource-bits-1.0/Containers_Pile_Small	0.5664
kaykit/resource-bits-1.0/Copper_Bar	0.2558
kaykit/resource-bits-1.0/Copper_Bars	0.3950
kaykit/resource-bits-1.0/Copper_Bars_Stack_Large	0.8707
kaykit/resource-bits-1.0/Copper_Bars_Stack_Medium	0.4759
kaykit/resource-bits-1.0/Copper_Bars_Stack_Small	0.8865
kaykit/resource-bits-1.0/Copper_Nuggets	0.2666
kaykit/resource-bits-1.0/Copper_Nugget_Large	0.4655
kaykit/resource-bits-1.0/Copper_Nugget_Medium	0.4683
kaykit/resource-bits-1.0/Copper_Nugget_Small	0.4134
kaykit/resource-bits-1.0/Food_Apple_Green	0.4491
kaykit/resource-bits-1.0/Food_Apple_Red	0.4491
kaykit/resource-bits-1.0/Food_Barrel_Empty	0.6622
kaykit/resource-bits-1.0/Food_Barrel_Fish	0.3802
kaykit/resource-bits-1.0/Food_Basket_A_Berries	0.4701
kaykit/resource-bits-1.0/Food_Basket_A_Empty	0.4641
kaykit/resource-bits-1.0/Food_Basket_B_Berries	0.3876
kaykit/resource-bits-1.0/Food_Basket_B_Empty	0.3814
kaykit/resource-bits-1.0/Food_Berry_Blue	0.4711
kaykit/resource-bits-1.0/Food_Berry_Orange	0.4711
kaykit/resource-bits-1.0/Food_Cheese	0.3464
kaykit/resource-bits-1.0/Food_Crate_Large_Apples	0.5671
kaykit/resource-bits-1.0/Food_Crate_Large_Empty	0.4885
kaykit/resource-bits-1.0/Food_Crate_Small_Berries	0.5726
kaykit/resource-bits-1.0/Food_Crate_Small_Empty	0.5491
kaykit/resource-bits-1.0/Food_Flour	0.5909
kaykit/resource-bits-1.0/Food_Pile_Large	0.4775
kaykit/resource-bits-1.0/Food_Pile_Medium	0.3372
kaykit/resource-bits-1.0/Food_Pile_Small	0.3255
kaykit/resource-bits-1.0/Fuel_A_Barrel	0.5527
kaykit/resource-bits-1.0/Fuel_A_Barrels	0.6990
kaykit/resource-bits-1.0/Fuel_A_Barrel_Dirty	0.5527
kaykit/resource-bits-1.0/Fuel_A_Jerrycan	0.4605
kaykit/resource-bits-1.0/Fuel_B_Barrel	0.5527
kaykit/resource-bits-1.0/Fuel_B_Barrels	0.6990
kaykit/resource-bits-1.0/Fuel_B_Barrel_Dirty	0.5527
kaykit/resource-bits-1.0/Fuel_B_Jerrycan	0.4605
kaykit/resource-bits-1.0/Fuel_C_Barrel	0.5527
kaykit/resource-bits-1.0/Fuel_C_Barrels	0.6990
kaykit/resource-bits-1.0/Fuel_C_Barrel_Dirty	0.5527
kaykit/resource-bits-1.0/Fuel_C_Jerrycan	0.4605
kaykit/resource-bits-1.0/Gems_Chest	0.6370
kaykit/resource-bits-1.0/Gems_Chest_Empty	0.4247
kaykit/resource-bits-1.0/Gems_Chest_Empty_Lid	0.3077
kaykit/resource-bits-1.0/Gems_Pile_Large	0.2512
kaykit/resource-bits-1.0/Gems_Pile_Small	0.2975
kaykit/resource-bits-1.0/Gems_Sack	0.4400
kaykit/resource-bits-1.0/Gem_Large	0.3095
kaykit/resource-bits-1.0/Gem_Medium	0.3376
kaykit/resource-bits-1.0/Gem_Small	0.2864
kaykit/resource-bits-1.0/Gold_Bar	0.2558
kaykit/resource-bits-1.0/Gold_Bars	0.3950
kaykit/resource-bits-1.0/Gold_Bars_Stack_Large	0.8707
kaykit/resource-bits-1.0/Gold_Bars_Stack_Medium	0.4759
kaykit/resource-bits-1.0/Gold_Bars_Stack_Small	0.8865
kaykit/resource-bits-1.0/Gold_Nuggets	0.2666
kaykit/resource-bits-1.0/Gold_Nugget_Large	0.4655
kaykit/resource-bits-1.0/Gold_Nugget_Medium	0.4683
kaykit/resource-bits-1.0/Gold_Nugget_Small	0.4134
kaykit/resource-bits-1.0/Iron_Bar	0.2558
kaykit/resource-bits-1.0/Iron_Bars	0.3950
kaykit/resource-bits-1.0/Iron_Bars_Stack_Large	0.8707
kaykit/resource-bits-1.0/Iron_Bars_Stack_Medium	0.4759
kaykit/resource-bits-1.0/Iron_Bars_Stack_Small	0.8865
kaykit/resource-bits-1.0/Iron_Nuggets	0.2666
kaykit/resource-bits-1.0/Iron_Nugget_Large	0.4655
kaykit/resource-bits-1.0/Iron_Nugget_Medium	0.4683
kaykit/resource-bits-1.0/Iron_Nugget_Small	0.4134
kaykit/resource-bits-1.0/Money_Bill	0.1569
kaykit/resource-bits-1.0/Money_Bills_Stack_Large	0.8239
kaykit/resource-bits-1.0/Money_Bills_Stack_Medium	0.5743
kaykit/resource-bits-1.0/Money_Bills_Stack_Small	0.2407
kaykit/resource-bits-1.0/Money_Bill_Arched	0.1605
kaykit/resource-bits-1.0/Money_Coins_Stack_Large	0.2356
kaykit/resource-bits-1.0/Money_Coins_Stack_Medium	0.3393
kaykit/resource-bits-1.0/Money_Coins_Stack_Single	0.3352
kaykit/resource-bits-1.0/Money_Coins_Stack_Small	0.6157
kaykit/resource-bits-1.0/Money_Pile_Large	0.4791
kaykit/resource-bits-1.0/Money_Pile_Medium	0.3464
kaykit/resource-bits-1.0/Money_Pile_Small	0.2498
kaykit/resource-bits-1.0/Money_Single	0.4502
kaykit/resource-bits-1.0/Pallet_Plastic_Blue	0.3810
kaykit/resource-bits-1.0/Pallet_Plastic_Grey	0.3810
kaykit/resource-bits-1.0/Pallet_Plastic_Orange	0.3810
kaykit/resource-bits-1.0/Pallet_Wood	0.3582
kaykit/resource-bits-1.0/Pallet_Wood_Covered_A	0.3055
kaykit/resource-bits-1.0/Pallet_Wood_Covered_B	0.3055
kaykit/resource-bits-1.0/Parts_Cog	0.4463
kaykit/resource-bits-1.0/Parts_Pile_Large	0.3277
kaykit/resource-bits-1.0/Parts_Pile_Medium	0.3354
kaykit/resource-bits-1.0/Parts_Pile_Small	0.2271
kaykit/resource-bits-1.0/Silver_Bar	0.2558
kaykit/resource-bits-1.0/Silver_Bars	0.3950
kaykit/resource-bits-1.0/Silver_Bars_Stack_Large	0.8707
kaykit/resource-bits-1.0/Silver_Bars_Stack_Medium	0.4759
kaykit/resource-bits-1.0/Silver_Bars_Stack_Small	0.8865
kaykit/resource-bits-1.0/Silver_Nuggets	0.2666
kaykit/resource-bits-1.0/Silver_Nugget_Large	0.4655
kaykit/resource-bits-1.0/Silver_Nugget_Medium	0.4683
kaykit/resource-bits-1.0/Silver_Nugget_Small	0.4134
kaykit/resource-bits-1.0/Stone_Brick	0.4211
kaykit/resource-bits-1.0/Stone_Bricks_Stack_Large	0.7806
kaykit/resource-bits-1.0/Stone_Bricks_Stack_Medium	0.5254
kaykit/resource-bits-1.0/Stone_Bricks_Stack_Small	0.5955
kaykit/resource-bits-1.0/Stone_Chunks_Large	0.3660
kaykit/resource-bits-1.0/Stone_Chunks_Small	0.2448
kaykit/resource-bits-1.0/Textiles_A	0.4782
kaykit/resource-bits-1.0/Textiles_B	0.7260
kaykit/resource-bits-1.0/Textiles_C	0.2117
kaykit/resource-bits-1.0/Textiles_Stack_Large	0.5543
kaykit/resource-bits-1.0/Textiles_Stack_Large_Colored	0.5543
kaykit/resource-bits-1.0/Textiles_Stack_Small	0.3454
kaykit/resource-bits-1.0/Wood_Log_A	0.2372
kaykit/resource-bits-1.0/Wood_Log_B	0.2269
kaykit/resource-bits-1.0/Wood_Log_Stack	0.6008
kaykit/resource-bits-1.0/Wood_Planks_Stack_Large	0.7728
kaykit/resource-bits-1.0/Wood_Planks_Stack_Medium	0.5073
kaykit/resource-bits-1.0/Wood_Planks_Stack_Small	0.2372
kaykit/resource-bits-1.0/Wood_Plank_A	0.1170
kaykit/resource-bits-1.0/Wood_Plank_B	0.1166
kaykit/resource-bits-1.0/Wood_Plank_C	0.1163
kaykit/restaurant-bits-1.0/bowl	0.3249
kaykit/restaurant-bits-1.0/bowl_dirty	0.3249
kaykit/restaurant-bits-1.0/bowl_small	0.3651
kaykit/restaurant-bits-1.0/chair_A	0.4082
kaykit/restaurant-bits-1.0/chair_B	0.4082
kaykit/restaurant-bits-1.0/chair_stool	0.4645
kaykit/restaurant-bits-1.0/crate	0.5465
kaykit/restaurant-bits-1.0/crate_buns	0.5462
kaykit/restaurant-bits-1.0/crate_carrots	0.5465
kaykit/restaurant-bits-1.0/crate_cheese	0.5463
kaykit/restaurant-bits-1.0/crate_dough	0.5464
kaykit/restaurant-bits-1.0/crate_ham	0.5463
kaykit/restaurant-bits-1.0/crate_lettuce	0.5462
kaykit/restaurant-bits-1.0/crate_lid	0.3322
kaykit/restaurant-bits-1.0/crate_mushrooms	0.5463
kaykit/restaurant-bits-1.0/crate_onions	0.5464
kaykit/restaurant-bits-1.0/crate_pepperoni	0.5463
kaykit/restaurant-bits-1.0/crate_potatoes	0.5464
kaykit/restaurant-bits-1.0/crate_steak	0.5464
kaykit/restaurant-bits-1.0/crate_tomatoes	0.5464
kaykit/restaurant-bits-1.0/cuttingboard	0.2396
kaykit/restaurant-bits-1.0/dishrack	0.4535
kaykit/restaurant-bits-1.0/dishrack_plates	0.6577
kaykit/restaurant-bits-1.0/door_A	0.3206
kaykit/restaurant-bits-1.0/door_B	0.3206
kaykit/restaurant-bits-1.0/extractorhood	0.6865
kaykit/restaurant-bits-1.0/floor_kitchen	0.3600
kaykit/restaurant-bits-1.0/floor_kitchen_small	0.4533
kaykit/restaurant-bits-1.0/floor_kitchen_small_styleB	0.4533
kaykit/restaurant-bits-1.0/floor_kitchen_styleB	0.3600
kaykit/restaurant-bits-1.0/food_burger	0.5425
kaykit/restaurant-bits-1.0/food_dinner	0.4417
kaykit/restaurant-bits-1.0/food_icecream_cone_chocolate	0.1921
kaykit/restaurant-bits-1.0/food_icecream_cone_strawberry	0.1921
kaykit/restaurant-bits-1.0/food_icecream_cone_vanilla	0.1921
kaykit/restaurant-bits-1.0/food_ingredient_bun	0.4934
kaykit/restaurant-bits-1.0/food_ingredient_bun_bottom	0.3360
kaykit/restaurant-bits-1.0/food_ingredient_bun_top	0.3513
kaykit/restaurant-bits-1.0/food_ingredient_burger_cooked	0.3347
kaykit/restaurant-bits-1.0/food_ingredient_burger_trash	0.3347
kaykit/restaurant-bits-1.0/food_ingredient_burger_uncooked	0.3347
kaykit/restaurant-bits-1.0/food_ingredient_carrot	0.1902
kaykit/restaurant-bits-1.0/food_ingredient_carrot_chopped	0.1799
kaykit/restaurant-bits-1.0/food_ingredient_carrot_pieces	0.2027
kaykit/restaurant-bits-1.0/food_ingredient_cheese	0.3862
kaykit/restaurant-bits-1.0/food_ingredient_cheese_chopped	0.3042
kaykit/restaurant-bits-1.0/food_ingredient_cheese_grated	0.0635
kaykit/restaurant-bits-1.0/food_ingredient_cheese_slice	0.2097
kaykit/restaurant-bits-1.0/food_ingredient_dough	0.5015
kaykit/restaurant-bits-1.0/food_ingredient_dough_base	0.2314
kaykit/restaurant-bits-1.0/food_ingredient_ham	0.2440
kaykit/restaurant-bits-1.0/food_ingredient_ham_cooked	0.2440
kaykit/restaurant-bits-1.0/food_ingredient_ham_trash	0.2440
kaykit/restaurant-bits-1.0/food_ingredient_lettuce	0.4361
kaykit/restaurant-bits-1.0/food_ingredient_lettuce_chopped	0.1904
kaykit/restaurant-bits-1.0/food_ingredient_lettuce_slice	0.2162
kaykit/restaurant-bits-1.0/food_ingredient_mushroom	0.4287
kaykit/restaurant-bits-1.0/food_ingredient_mushroom_chopped	0.1341
kaykit/restaurant-bits-1.0/food_ingredient_mushroom_pieces	0.0414
kaykit/restaurant-bits-1.0/food_ingredient_onion	0.3546
kaykit/restaurant-bits-1.0/food_ingredient_onion_chopped	0.2349
kaykit/restaurant-bits-1.0/food_ingredient_onion_rings	0.1325
kaykit/restaurant-bits-1.0/food_ingredient_pepperoni	0.1403
kaykit/restaurant-bits-1.0/food_ingredient_pepperoni_chopped	0.1321
kaykit/restaurant-bits-1.0/food_ingredient_pepperoni_slices	0.0581
kaykit/restaurant-bits-1.0/food_ingredient_potato	0.4700
kaykit/restaurant-bits-1.0/food_ingredient_potato_chopped	0.2823
kaykit/restaurant-bits-1.0/food_ingredient_potato_mashed	0.2718
kaykit/restaurant-bits-1.0/food_ingredient_steak	0.2515
kaykit/restaurant-bits-1.0/food_ingredient_steak_pieces	0.4266
kaykit/restaurant-bits-1.0/food_ingredient_tomato	0.4651
kaykit/restaurant-bits-1.0/food_ingredient_tomato_sauce	0.2131
kaykit/restaurant-bits-1.0/food_ingredient_tomato_slice	0.2820
kaykit/restaurant-bits-1.0/food_ingredient_tomato_slices	0.3526
kaykit/restaurant-bits-1.0/food_ingredient_vegetableburger_cooked	0.3101
kaykit/restaurant-bits-1.0/food_ingredient_vegetableburger_uncooked	0.3101
kaykit/restaurant-bits-1.0/food_pizza_cheese_plated	0.2777
kaykit/restaurant-bits-1.0/food_pizza_cheese_slice	0.2286
kaykit/restaurant-bits-1.0/food_pizza_mushroom_plated	0.2777
kaykit/restaurant-bits-1.0/food_pizza_mushroom_slice	0.2286
kaykit/restaurant-bits-1.0/food_pizza_pepperoni_plated	0.2777
kaykit/restaurant-bits-1.0/food_pizza_pepperoni_slice	0.2286
kaykit/restaurant-bits-1.0/food_stew	0.3242
kaykit/restaurant-bits-1.0/food_vegetableburger	0.5421
kaykit/restaurant-bits-1.0/fridge_A	0.6790
kaykit/restaurant-bits-1.0/fridge_A_decorated	0.6750
kaykit/restaurant-bits-1.0/fridge_A_decorated_door_bottom	0.4526
kaykit/restaurant-bits-1.0/fridge_A_decorated_door_top	0.3146
kaykit/restaurant-bits-1.0/fridge_A_door_bottom	0.4526
kaykit/restaurant-bits-1.0/fridge_A_door_top	0.3146
kaykit/restaurant-bits-1.0/fridge_B	0.6790
kaykit/restaurant-bits-1.0/fridge_B_door	0.4641
kaykit/restaurant-bits-1.0/icecream_bowl	0.3249
kaykit/restaurant-bits-1.0/icecream_bowl_cherries	0.3659
kaykit/restaurant-bits-1.0/icecream_bowl_cookiesticks	0.4073
kaykit/restaurant-bits-1.0/icecream_bowl_decorated_A	0.3690
kaykit/restaurant-bits-1.0/icecream_bowl_decorated_B	0.4229
kaykit/restaurant-bits-1.0/icecream_bowl_icecream_chocolate	0.5077
kaykit/restaurant-bits-1.0/icecream_bowl_icecream_strawberry	0.5077
kaykit/restaurant-bits-1.0/icecream_bowl_icecream_vanilla	0.5077
kaykit/restaurant-bits-1.0/icecream_bowl_waffles	0.4927
kaykit/restaurant-bits-1.0/icecream_cherry	0.4655
kaykit/restaurant-bits-1.0/icecream_cone	0.4435
kaykit/restaurant-bits-1.0/icecream_cone_stacked	0.2113
kaykit/restaurant-bits-1.0/icecream_container	0.2950
kaykit/restaurant-bits-1.0/icecream_container_icecream_chocolate	0.2175
kaykit/restaurant-bits-1.0/icecream_container_icecream_strawberry	0.2175
kaykit/restaurant-bits-1.0/icecream_container_icecream_vanilla	0.2175
kaykit/restaurant-bits-1.0/icecream_container_top	0.2086
kaykit/restaurant-bits-1.0/icecream_container_top_lid	0.3079
kaykit/restaurant-bits-1.0/icecream_cookiestick	0.1777
kaykit/restaurant-bits-1.0/icecream_machine	0.7378
kaykit/restaurant-bits-1.0/icecream_machine_handle_chocolate	0.2030
kaykit/restaurant-bits-1.0/icecream_machine_handle_strawberry	0.2030
kaykit/restaurant-bits-1.0/icecream_machine_handle_vanilla	0.2030
kaykit/restaurant-bits-1.0/icecream_scoop	0.1422
kaykit/restaurant-bits-1.0/icecream_softserve_icecream_chocolate	0.4316
kaykit/restaurant-bits-1.0/icecream_softserve_icecream_strawberry	0.4316
kaykit/restaurant-bits-1.0/icecream_softserve_icecream_vanilla	0.4316
kaykit/restaurant-bits-1.0/icecream_waffle	0.2673
kaykit/restaurant-bits-1.0/jar_A_large	0.4632
kaykit/restaurant-bits-1.0/jar_A_medium	0.5389
kaykit/restaurant-bits-1.0/jar_A_small	0.6353
kaykit/restaurant-bits-1.0/jar_B_large	0.4632
kaykit/restaurant-bits-1.0/jar_B_medium	0.5389
kaykit/restaurant-bits-1.0/jar_B_small	0.6353
kaykit/restaurant-bits-1.0/jar_C_large	0.4632
kaykit/restaurant-bits-1.0/jar_C_medium	0.5389
kaykit/restaurant-bits-1.0/jar_C_small	0.6353
kaykit/restaurant-bits-1.0/jar_D_large	0.4632
kaykit/restaurant-bits-1.0/jar_D_medium	0.5389
kaykit/restaurant-bits-1.0/jar_D_small	0.6353
kaykit/restaurant-bits-1.0/ketchup	0.2031
kaykit/restaurant-bits-1.0/kitchencabinet	0.7386
kaykit/restaurant-bits-1.0/kitchencabinet_corner	0.8843
kaykit/restaurant-bits-1.0/kitchencabinet_corner_half	0.5334
kaykit/restaurant-bits-1.0/kitchencabinet_corner_half_styleB	0.5334
kaykit/restaurant-bits-1.0/kitchencabinet_corner_styleB	0.8843
kaykit/restaurant-bits-1.0/kitchencabinet_half	0.4204
kaykit/restaurant-bits-1.0/kitchencabinet_half_styleB	0.4204
kaykit/restaurant-bits-1.0/kitchencabinet_styleB	0.7386
kaykit/restaurant-bits-1.0/kitchencounter_innercorner	0.6410
kaykit/restaurant-bits-1.0/kitchencounter_innercorner_backsplash	0.7159
kaykit/restaurant-bits-1.0/kitchencounter_innercorner_backsplash_styleB	0.7159
kaykit/restaurant-bits-1.0/kitchencounter_innercorner_styleB	0.6410
kaykit/restaurant-bits-1.0/kitchencounter_outercorner	0.5959
kaykit/restaurant-bits-1.0/kitchencounter_outercorner_backsplash	0.6043
kaykit/restaurant-bits-1.0/kitchencounter_outercorner_backsplash_styleB	0.6043
kaykit/restaurant-bits-1.0/kitchencounter_outercorner_styleB	0.5959
kaykit/restaurant-bits-1.0/kitchencounter_sink	0.6169
kaykit/restaurant-bits-1.0/kitchencounter_sink_backsplash	0.6557
kaykit/restaurant-bits-1.0/kitchencounter_sink_backsplash_styleB	0.6557
kaykit/restaurant-bits-1.0/kitchencounter_sink_styleB	0.6169
kaykit/restaurant-bits-1.0/kitchencounter_straight_A	0.6014
kaykit/restaurant-bits-1.0/kitchencounter_straight_A_backsplash	0.6481
kaykit/restaurant-bits-1.0/kitchencounter_straight_A_backsplash_styleB	0.6481
kaykit/restaurant-bits-1.0/kitchencounter_straight_A_decorated	0.6466
kaykit/restaurant-bits-1.0/kitchencounter_straight_A_decorated_styleB	0.6466
kaykit/restaurant-bits-1.0/kitchencounter_straight_A_styleB	0.6014
kaykit/restaurant-bits-1.0/kitchencounter_straight_B	0.6014
kaykit/restaurant-bits-1.0/kitchencounter_straight_B_backsplash	0.6481
kaykit/restaurant-bits-1.0/kitchencounter_straight_B_backsplash_styleB	0.6481
kaykit/restaurant-bits-1.0/kitchencounter_straight_B_styleB	0.6014
kaykit/restaurant-bits-1.0/kitchencounter_straight_decorated	0.7109
kaykit/restaurant-bits-1.0/kitchencounter_straight_decorated_styleB	0.7109
kaykit/restaurant-bits-1.0/kitchentable_A	0.4754
kaykit/restaurant-bits-1.0/kitchentable_A_large	0.3088
kaykit/restaurant-bits-1.0/kitchentable_A_large_decorated_A	0.3653
kaykit/restaurant-bits-1.0/kitchentable_A_large_decorated_B	0.3353
kaykit/restaurant-bits-1.0/kitchentable_A_large_decorated_C	0.4326
kaykit/restaurant-bits-1.0/kitchentable_B	0.4754
kaykit/restaurant-bits-1.0/kitchentable_B_decorated	0.5998
kaykit/restaurant-bits-1.0/kitchentable_B_large	0.3088
kaykit/restaurant-bits-1.0/kitchentable_sink	0.4912
kaykit/restaurant-bits-1.0/kitchentable_sink_large	0.3166
kaykit/restaurant-bits-1.0/kitchentable_sink_large_decorated	0.3590
kaykit/restaurant-bits-1.0/knife	0.0810
kaykit/restaurant-bits-1.0/lid_A	0.2539
kaykit/restaurant-bits-1.0/lid_B	0.2539
kaykit/restaurant-bits-1.0/lid_large	0.2088
kaykit/restaurant-bits-1.0/menu	0.3898
kaykit/restaurant-bits-1.0/mustard	0.2031
kaykit/restaurant-bits-1.0/oven	0.7961
kaykit/restaurant-bits-1.0/oven_door	0.5750
kaykit/restaurant-bits-1.0/pan_006	0.1753
kaykit/restaurant-bits-1.0/pan_A	0.1572
kaykit/restaurant-bits-1.0/pan_B	0.1572
kaykit/restaurant-bits-1.0/papertowel	0.2721
kaykit/restaurant-bits-1.0/pillar_A	0.1247
kaykit/restaurant-bits-1.0/pillar_B	0.2180
kaykit/restaurant-bits-1.0/pizzabox_closed	0.3614
kaykit/restaurant-bits-1.0/pizzabox_open	0.3540
kaykit/restaurant-bits-1.0/pizzabox_open_pizzabox_lid	0.3282
kaykit/restaurant-bits-1.0/pizzabox_stacked	0.5802
kaykit/restaurant-bits-1.0/pizza_oven	0.6583
kaykit/restaurant-bits-1.0/pizza_oven_door	0.3553
kaykit/restaurant-bits-1.0/plate	0.2631
kaykit/restaurant-bits-1.0/plate_dirty	0.2631
kaykit/restaurant-bits-1.0/plate_small	0.2772
kaykit/restaurant-bits-1.0/pot_A	0.2736
kaykit/restaurant-bits-1.0/pot_A_stew	0.2733
kaykit/restaurant-bits-1.0/pot_B	0.2736
kaykit/restaurant-bits-1.0/pot_B_stew	0.2733
kaykit/restaurant-bits-1.0/pot_large	0.2494
kaykit/restaurant-bits-1.0/rollingpin	0.1344
kaykit/restaurant-bits-1.0/shelf_papertowel	0.2969
kaykit/restaurant-bits-1.0/shelf_papertowel_decorated	0.3954
kaykit/restaurant-bits-1.0/spoon	0.1107
kaykit/restaurant-bits-1.0/stew_bowl	0.2153
kaykit/restaurant-bits-1.0/stew_pot	0.2319
kaykit/restaurant-bits-1.0/stove_multi	0.5269
kaykit/restaurant-bits-1.0/stove_multi_countertop	0.3373
kaykit/restaurant-bits-1.0/stove_multi_decorated	0.5979
kaykit/restaurant-bits-1.0/stove_single	0.5258
kaykit/restaurant-bits-1.0/stove_single_countertop	0.3354
kaykit/restaurant-bits-1.0/table_round_A	0.3022
kaykit/restaurant-bits-1.0/table_round_A_decorated	0.3414
kaykit/restaurant-bits-1.0/table_round_A_small	0.3766
kaykit/restaurant-bits-1.0/table_round_A_small_decorated	0.3464
kaykit/restaurant-bits-1.0/table_round_B	0.2728
kaykit/restaurant-bits-1.0/table_round_B_tablecloth_green	0.2763
kaykit/restaurant-bits-1.0/table_round_B_tablecloth_red	0.2763
kaykit/restaurant-bits-1.0/table_round_B_tablecloth_red_decorated	0.2862
kaykit/restaurant-bits-1.0/towelrail	0.1044
kaykit/restaurant-bits-1.0/wall	0.5566
kaykit/restaurant-bits-1.0/wall_decorated	0.7503
kaykit/restaurant-bits-1.0/wall_decorated_styleB	0.7503
kaykit/restaurant-bits-1.0/wall_doorway	0.4282
kaykit/restaurant-bits-1.0/wall_half	0.2867
kaykit/restaurant-bits-1.0/wall_orderwindow	0.4592
kaykit/restaurant-bits-1.0/wall_orderwindow_decorated	0.4724
kaykit/restaurant-bits-1.0/wall_tiles_A	0.2876
kaykit/restaurant-bits-1.0/wall_tiles_B	0.2876
kaykit/restaurant-bits-1.0/wall_window_closed	0.5566
kaykit/restaurant-bits-1.0/wall_window_closed_curtains_green	0.5566
kaykit/restaurant-bits-1.0/wall_window_closed_curtains_red	0.5566
kaykit/restaurant-bits-1.0/wall_window_open	0.4926
kaykit/rpg-tools-bits-1.0/anvil	0.2475
kaykit/rpg-tools-bits-1.0/axe	0.1703
kaykit/rpg-tools-bits-1.0/blueprint	0.2798
kaykit/rpg-tools-bits-1.0/blueprint_stacked	0.2108
kaykit/rpg-tools-bits-1.0/bucket_metal	0.6308
kaykit/rpg-tools-bits-1.0/bucket_metal_handle	0.0500
kaykit/rpg-tools-bits-1.0/chisel	0.0814
kaykit/rpg-tools-bits-1.0/compass_base	0.2556
kaykit/rpg-tools-bits-1.0/compass_base_compass_lid	0.2389
kaykit/rpg-tools-bits-1.0/compass_base_compass_needle	0.0398
kaykit/rpg-tools-bits-1.0/drafting_compass	0.1268
kaykit/rpg-tools-bits-1.0/drafting_compass_legLeft	0.0593
kaykit/rpg-tools-bits-1.0/drafting_compass_legRight	0.0641
kaykit/rpg-tools-bits-1.0/drafting_compass_wheel	0.3602
kaykit/rpg-tools-bits-1.0/file	0.0641
kaykit/rpg-tools-bits-1.0/fishing_floater	0.3343
kaykit/rpg-tools-bits-1.0/fishing_hook_A	0.1286
kaykit/rpg-tools-bits-1.0/fishing_hook_B	0.1681
kaykit/rpg-tools-bits-1.0/fishing_rod	0.0266
kaykit/rpg-tools-bits-1.0/fishing_rod_base	0.0266
kaykit/rpg-tools-bits-1.0/fishing_rod_base_reelhandle	0.1604
kaykit/rpg-tools-bits-1.0/fishing_rod_line	0.0094
kaykit/rpg-tools-bits-1.0/fishing_rod_line_fishing_rod_floater	0.3343
kaykit/rpg-tools-bits-1.0/fishing_rod_line_fishing_rod_hook	0.1286
kaykit/rpg-tools-bits-1.0/fishing_rod_reelhandle	0.1604
kaykit/rpg-tools-bits-1.0/fishing_tacklebox	0.2909
kaykit/rpg-tools-bits-1.0/fishing_tacklebox_empty	0.2814
kaykit/rpg-tools-bits-1.0/fishing_tacklebox_empty_lid	0.2392
kaykit/rpg-tools-bits-1.0/fishing_tacklebox_lid	0.2393
kaykit/rpg-tools-bits-1.0/fishing_worm	0.3432
kaykit/rpg-tools-bits-1.0/grindstone	0.2318
kaykit/rpg-tools-bits-1.0/grindstone_wheel	0.2709
kaykit/rpg-tools-bits-1.0/hammer	0.2605
kaykit/rpg-tools-bits-1.0/handdrill	0.0639
kaykit/rpg-tools-bits-1.0/handplane	0.1588
kaykit/rpg-tools-bits-1.0/journal_closed	0.4061
kaykit/rpg-tools-bits-1.0/journal_open	0.3809
kaykit/rpg-tools-bits-1.0/key_A	0.1392
kaykit/rpg-tools-bits-1.0/key_B	0.1231
kaykit/rpg-tools-bits-1.0/key_C	0.1047
kaykit/rpg-tools-bits-1.0/knife	0.0787
kaykit/rpg-tools-bits-1.0/lantern	0.4100
kaykit/rpg-tools-bits-1.0/lantern_handle	0.3048
kaykit/rpg-tools-bits-1.0/lockpick_A	0.0726
kaykit/rpg-tools-bits-1.0/lockpick_A_old	0.0733
kaykit/rpg-tools-bits-1.0/lockpick_B	0.0830
kaykit/rpg-tools-bits-1.0/lockpick_C	0.0654
kaykit/rpg-tools-bits-1.0/lockpick_D	0.0624
kaykit/rpg-tools-bits-1.0/lockpick_set	0.1477
kaykit/rpg-tools-bits-1.0/lock_A	0.4581
kaykit/rpg-tools-bits-1.0/lock_A_part	0.1875
kaykit/rpg-tools-bits-1.0/lock_B	0.4417
kaykit/rpg-tools-bits-1.0/lock_B_part	0.1876
kaykit/rpg-tools-bits-1.0/lock_C	0.4337
kaykit/rpg-tools-bits-1.0/lock_C_part	0.1876
kaykit/rpg-tools-bits-1.0/magnifying_glass	0.1437
kaykit/rpg-tools-bits-1.0/mallet	0.2141
kaykit/rpg-tools-bits-1.0/map	0.1934
kaykit/rpg-tools-bits-1.0/map_empty	0.1934
kaykit/rpg-tools-bits-1.0/map_rolled	0.0849
kaykit/rpg-tools-bits-1.0/nail	0.1696
kaykit/rpg-tools-bits-1.0/pencil_A_long	0.0869
kaykit/rpg-tools-bits-1.0/pencil_A_short	0.1395
kaykit/rpg-tools-bits-1.0/pencil_B_long	0.0892
kaykit/rpg-tools-bits-1.0/pencil_B_short	0.1418
kaykit/rpg-tools-bits-1.0/pickaxe	0.0976
kaykit/rpg-tools-bits-1.0/rope_bundle_A	0.1192
kaykit/rpg-tools-bits-1.0/rope_bundle_B	0.1979
kaykit/rpg-tools-bits-1.0/saw	0.1526
kaykit/rpg-tools-bits-1.0/scissors	0.0527
kaykit/rpg-tools-bits-1.0/scissors_part	0.0530
kaykit/rpg-tools-bits-1.0/screwdriver_A_long	0.0725
kaykit/rpg-tools-bits-1.0/screwdriver_A_long_color	0.0725
kaykit/rpg-tools-bits-1.0/screwdriver_A_short	0.0968
kaykit/rpg-tools-bits-1.0/screwdriver_A_short_color	0.0968
kaykit/rpg-tools-bits-1.0/screwdriver_B_long	0.0694
kaykit/rpg-tools-bits-1.0/screwdriver_B_long_color	0.0694
kaykit/rpg-tools-bits-1.0/screwdriver_B_short	0.0929
kaykit/rpg-tools-bits-1.0/screwdriver_B_short_color	0.0929
kaykit/rpg-tools-bits-1.0/screw_A	0.1682
kaykit/rpg-tools-bits-1.0/screw_B	0.1682
kaykit/rpg-tools-bits-1.0/shovel	0.1018
kaykit/rpg-tools-bits-1.0/tongs	0.0584
kaykit/rpg-tools-bits-1.0/tongs_part	0.0584
kaykit/rpg-tools-bits-1.0/torch	0.0659
kaykit/rpg-tools-bits-1.0/torch_burnt	0.0659
kaykit/rpg-tools-bits-1.0/trowel	0.0699
kaykit/rpg-tools-bits-1.0/wrench_A	0.1143
kaykit/rpg-tools-bits-1.0/wrench_B	0.1082
kenney/3d-road-tiles/roadTile_001	0.3830
kenney/3d-road-tiles/roadTile_002	0.4265
kenney/3d-road-tiles/roadTile_003	0.5002
kenney/3d-road-tiles/roadTile_004	0.4064
kenney/3d-road-tiles/roadTile_005	0.4065
kenney/3d-road-tiles/roadTile_006	0.5466
kenney/3d-road-tiles/roadTile_007	0.6813
kenney/3d-road-tiles/roadTile_008	0.3150
kenney/3d-road-tiles/roadTile_009	0.5212
kenney/3d-road-tiles/roadTile_010	0.3475
kenney/3d-road-tiles/roadTile_011	0.4064
kenney/3d-road-tiles/roadTile_012	0.4064
kenney/3d-road-tiles/roadTile_013	0.3979
kenney/3d-road-tiles/roadTile_014	0.3996
kenney/3d-road-tiles/roadTile_015	0.4063
kenney/3d-road-tiles/roadTile_016	0.4015
kenney/3d-road-tiles/roadTile_017	0.4063
kenney/3d-road-tiles/roadTile_018	0.4802
kenney/3d-road-tiles/roadTile_019	0.1517
kenney/3d-road-tiles/roadTile_020	0.2668
kenney/3d-road-tiles/roadTile_021	0.3475
kenney/3d-road-tiles/roadTile_022	0.4015
kenney/3d-road-tiles/roadTile_023	0.4063
kenney/3d-road-tiles/roadTile_024	0.4066
kenney/3d-road-tiles/roadTile_025	0.4119
kenney/3d-road-tiles/roadTile_026	0.4119
kenney/3d-road-tiles/roadTile_027	0.4197
kenney/3d-road-tiles/roadTile_028	0.5212
kenney/3d-road-tiles/roadTile_029	0.3150
kenney/3d-road-tiles/roadTile_030	0.4214
kenney/3d-road-tiles/roadTile_031	0.4222
kenney/3d-road-tiles/roadTile_032	0.4119
kenney/3d-road-tiles/roadTile_033	0.4117
kenney/3d-road-tiles/roadTile_034	0.4188
kenney/3d-road-tiles/roadTile_035	0.4201
kenney/3d-road-tiles/roadTile_036	0.6813
kenney/3d-road-tiles/roadTile_037	0.5466
kenney/3d-road-tiles/roadTile_038	0.4119
kenney/3d-road-tiles/roadTile_039	0.4098
kenney/3d-road-tiles/roadTile_040	0.4126
kenney/3d-road-tiles/roadTile_041	0.4202
kenney/3d-road-tiles/roadTile_042	0.3827
kenney/3d-road-tiles/roadTile_043	0.4221
kenney/3d-road-tiles/roadTile_044	0.6238
kenney/3d-road-tiles/roadTile_045	0.6239
kenney/3d-road-tiles/roadTile_046	0.4924
kenney/3d-road-tiles/roadTile_047	0.4924
kenney/3d-road-tiles/roadTile_048	0.4217
kenney/3d-road-tiles/roadTile_049	0.4065
kenney/3d-road-tiles/roadTile_050	0.4924
kenney/3d-road-tiles/roadTile_051	0.4195
kenney/3d-road-tiles/roadTile_052	0.4112
kenney/3d-road-tiles/roadTile_053	0.4180
kenney/3d-road-tiles/roadTile_054	0.4106
kenney/3d-road-tiles/roadTile_055	0.4197
kenney/3d-road-tiles/roadTile_056	0.4197
kenney/3d-road-tiles/roadTile_057	0.4139
kenney/3d-road-tiles/roadTile_058	0.4188
kenney/3d-road-tiles/roadTile_059	0.4198
kenney/3d-road-tiles/roadTile_060	0.4217
kenney/3d-road-tiles/roadTile_061	0.4204
kenney/3d-road-tiles/roadTile_062	0.4265
kenney/3d-road-tiles/roadTile_063	0.4256
kenney/3d-road-tiles/roadTile_064	0.4256
kenney/3d-road-tiles/roadTile_065	0.4261
kenney/3d-road-tiles/roadTile_066	0.4264
kenney/3d-road-tiles/roadTile_067	0.4264
kenney/3d-road-tiles/roadTile_068	0.4265
kenney/3d-road-tiles/roadTile_069	0.4248
kenney/3d-road-tiles/roadTile_070	0.4232
kenney/3d-road-tiles/roadTile_071	0.4198
kenney/3d-road-tiles/roadTile_072	0.4198
kenney/3d-road-tiles/roadTile_073	0.4244
kenney/3d-road-tiles/roadTile_074	0.4205
kenney/3d-road-tiles/roadTile_075	0.4256
kenney/3d-road-tiles/roadTile_076	0.4264
kenney/3d-road-tiles/roadTile_077	0.4115
kenney/3d-road-tiles/roadTile_078	0.4256
kenney/3d-road-tiles/roadTile_079	0.4259
kenney/3d-road-tiles/roadTile_080	0.4256
kenney/3d-road-tiles/roadTile_081	0.3828
kenney/3d-road-tiles/roadTile_082	0.6054
kenney/3d-road-tiles/roadTile_083	0.4554
kenney/3d-road-tiles/roadTile_084	0.4923
kenney/3d-road-tiles/roadTile_085	0.4261
kenney/3d-road-tiles/roadTile_086	0.4261
kenney/3d-road-tiles/roadTile_087	0.4261
kenney/3d-road-tiles/roadTile_088	0.4261
kenney/3d-road-tiles/roadTile_089	0.4198
kenney/3d-road-tiles/roadTile_090	0.4730
kenney/3d-road-tiles/roadTile_091	0.6241
kenney/3d-road-tiles/roadTile_092	0.4261
kenney/3d-road-tiles/roadTile_093	0.4261
kenney/3d-road-tiles/roadTile_094	0.4265
kenney/3d-road-tiles/roadTile_095	0.4257
kenney/3d-road-tiles/roadTile_096	0.4265
kenney/3d-road-tiles/roadTile_097	0.4265
kenney/3d-road-tiles/roadTile_098	0.4245
kenney/3d-road-tiles/roadTile_099	0.4195
kenney/3d-road-tiles/roadTile_100	0.4261
kenney/3d-road-tiles/roadTile_101	0.4261
kenney/3d-road-tiles/roadTile_102	0.4261
kenney/3d-road-tiles/roadTile_103	0.5002
kenney/3d-road-tiles/roadTile_104	0.4188
kenney/3d-road-tiles/roadTile_105	0.4230
kenney/3d-road-tiles/roadTile_106	0.4261
kenney/3d-road-tiles/roadTile_107	0.3891
kenney/3d-road-tiles/roadTile_108	0.3709
kenney/3d-road-tiles/roadTile_109	0.3606
kenney/3d-road-tiles/roadTile_110	0.3829
kenney/3d-road-tiles/roadTile_111	0.3405
kenney/3d-road-tiles/roadTile_112	0.4194
kenney/3d-road-tiles/roadTile_113	0.4193
kenney/3d-road-tiles/roadTile_114	0.3400
kenney/3d-road-tiles/roadTile_115	0.3136
kenney/3d-road-tiles/roadTile_116	0.3488
kenney/3d-road-tiles/roadTile_117	0.4503
kenney/3d-road-tiles/roadTile_118	0.3889
kenney/3d-road-tiles/roadTile_119	0.4205
kenney/3d-road-tiles/roadTile_120	0.4115
kenney/3d-road-tiles/roadTile_121	0.3800
kenney/3d-road-tiles/roadTile_122	0.3705
kenney/3d-road-tiles/roadTile_123	0.4921
kenney/3d-road-tiles/roadTile_124	0.4920
kenney/3d-road-tiles/roadTile_125	0.6624
kenney/3d-road-tiles/roadTile_126	0.6036
kenney/3d-road-tiles/roadTile_127	0.4146
kenney/3d-road-tiles/roadTile_128	0.3523
kenney/3d-road-tiles/roadTile_129	0.4188
kenney/3d-road-tiles/roadTile_130	0.4407
kenney/3d-road-tiles/roadTile_131	0.4109
kenney/3d-road-tiles/roadTile_132	0.0585
kenney/3d-road-tiles/roadTile_133	0.4038
kenney/3d-road-tiles/roadTile_134	0.3582
kenney/3d-road-tiles/roadTile_135	0.4143
kenney/3d-road-tiles/roadTile_136	0.3650
kenney/3d-road-tiles/roadTile_137	0.4199
kenney/3d-road-tiles/roadTile_138	0.4157
kenney/3d-road-tiles/roadTile_139	0.4102
kenney/3d-road-tiles/roadTile_140	0.4065
kenney/3d-road-tiles/roadTile_141	0.4221
kenney/3d-road-tiles/roadTile_142	0.4243
kenney/3d-road-tiles/roadTile_143	0.4126
kenney/3d-road-tiles/roadTile_144	0.4161
kenney/3d-road-tiles/roadTile_145	0.3854
kenney/3d-road-tiles/roadTile_146	0.3854
kenney/3d-road-tiles/roadTile_147	0.4065
kenney/3d-road-tiles/roadTile_148	0.4200
kenney/3d-road-tiles/roadTile_149	0.4226
kenney/3d-road-tiles/roadTile_150	0.4220
kenney/3d-road-tiles/roadTile_151	0.4064
kenney/3d-road-tiles/roadTile_152	0.4802
kenney/3d-road-tiles/roadTile_153	0.4201
kenney/3d-road-tiles/roadTile_154	0.4858
kenney/3d-road-tiles/roadTile_155	0.4193
kenney/3d-road-tiles/roadTile_156	0.4188
kenney/3d-road-tiles/roadTile_157	0.3869
kenney/3d-road-tiles/roadTile_158	0.4013
kenney/3d-road-tiles/roadTile_159	0.3827
kenney/3d-road-tiles/roadTile_160	0.4118
kenney/3d-road-tiles/roadTile_161	0.2850
kenney/3d-road-tiles/roadTile_162	0.4119
kenney/3d-road-tiles/roadTile_163	0.4063
kenney/3d-road-tiles/roadTile_164	0.4875
kenney/3d-road-tiles/roadTile_165	0.3276
kenney/3d-road-tiles/roadTile_166	0.4196
kenney/3d-road-tiles/roadTile_167	0.3853
kenney/3d-road-tiles/roadTile_168	0.4063
kenney/3d-road-tiles/roadTile_169	0.6813
kenney/3d-road-tiles/roadTile_170	0.4858
kenney/3d-road-tiles/roadTile_171	0.3300
kenney/3d-road-tiles/roadTile_172	0.6682
kenney/3d-road-tiles/roadTile_173	0.3935
kenney/3d-road-tiles/roadTile_174	0.3854
kenney/3d-road-tiles/roadTile_175	0.3910
kenney/3d-road-tiles/roadTile_176	0.3977
kenney/3d-road-tiles/roadTile_177	0.3869
kenney/3d-road-tiles/roadTile_178	0.3936
kenney/3d-road-tiles/roadTile_179	0.6732
kenney/3d-road-tiles/roadTile_180	0.4857
kenney/3d-road-tiles/roadTile_181	0.4434
kenney/3d-road-tiles/roadTile_182	0.5385
kenney/3d-road-tiles/roadTile_183	0.3483
kenney/3d-road-tiles/roadTile_184	0.6732
kenney/3d-road-tiles/roadTile_185	0.3936
kenney/3d-road-tiles/roadTile_186	0.6219
kenney/3d-road-tiles/roadTile_187	0.4246
kenney/3d-road-tiles/roadTile_188	0.4091
kenney/3d-road-tiles/roadTile_189	0.4753
kenney/3d-road-tiles/roadTile_190	0.4011
kenney/3d-road-tiles/roadTile_191	0.4858
kenney/3d-road-tiles/roadTile_192	0.4505
kenney/3d-road-tiles/roadTile_193	0.4913
kenney/3d-road-tiles/roadTile_194	0.6966
kenney/3d-road-tiles/roadTile_195	0.6573
kenney/3d-road-tiles/roadTile_196	0.4753
kenney/3d-road-tiles/roadTile_197	0.6805
kenney/3d-road-tiles/roadTile_198	0.7010
kenney/3d-road-tiles/roadTile_199	0.4920
kenney/3d-road-tiles/roadTile_200	0.4920
kenney/3d-road-tiles/roadTile_201	0.7010
kenney/3d-road-tiles/roadTile_202	0.5185
kenney/3d-road-tiles/roadTile_203	0.5790
kenney/3d-road-tiles/roadTile_204	0.4920
kenney/3d-road-tiles/roadTile_205	0.6645
kenney/3d-road-tiles/roadTile_206	0.4792
kenney/3d-road-tiles/roadTile_207	0.6898
kenney/3d-road-tiles/roadTile_208	0.4439
kenney/3d-road-tiles/roadTile_209	0.4439
kenney/3d-road-tiles/roadTile_210	0.6889
kenney/3d-road-tiles/roadTile_211	0.4705
kenney/3d-road-tiles/roadTile_212	0.5239
kenney/3d-road-tiles/roadTile_213	0.6369
kenney/3d-road-tiles/roadTile_214	0.4439
kenney/3d-road-tiles/roadTile_215	0.4044
kenney/3d-road-tiles/roadTile_216	0.4753
kenney/3d-road-tiles/roadTile_217	0.4144
kenney/3d-road-tiles/roadTile_218	0.4593
kenney/3d-road-tiles/roadTile_219	0.6813
kenney/3d-road-tiles/roadTile_220	0.5207
kenney/3d-road-tiles/roadTile_221	0.6813
kenney/3d-road-tiles/roadTile_222	0.6813
kenney/3d-road-tiles/roadTile_223	0.8184
kenney/3d-road-tiles/roadTile_224	0.7181
kenney/3d-road-tiles/roadTile_225	0.6218
kenney/3d-road-tiles/roadTile_226	0.3907
kenney/3d-road-tiles/roadTile_227	0.3762
kenney/3d-road-tiles/roadTile_228	0.5065
kenney/3d-road-tiles/roadTile_229	0.3123
kenney/3d-road-tiles/roadTile_230	0.6218
kenney/3d-road-tiles/roadTile_231	0.4858
kenney/3d-road-tiles/roadTile_232	0.4068
kenney/3d-road-tiles/roadTile_233	0.4261
kenney/3d-road-tiles/roadTile_234	0.6646
kenney/3d-road-tiles/roadTile_235	0.4038
kenney/3d-road-tiles/roadTile_236	0.5174
kenney/3d-road-tiles/roadTile_237	0.4633
kenney/3d-road-tiles/roadTile_238	0.5002
kenney/3d-road-tiles/roadTile_239	0.7010
kenney/3d-road-tiles/roadTile_240	0.3629
kenney/3d-road-tiles/roadTile_241	0.5838
kenney/3d-road-tiles/roadTile_242	0.4009
kenney/3d-road-tiles/roadTile_243	0.3933
kenney/3d-road-tiles/roadTile_244	0.4013
kenney/3d-road-tiles/roadTile_245	0.7010
kenney/3d-road-tiles/roadTile_246	0.4418
kenney/3d-road-tiles/roadTile_247	0.4562
kenney/3d-road-tiles/roadTile_248	0.4986
kenney/3d-road-tiles/roadTile_249	0.3444
kenney/3d-road-tiles/roadTile_250	0.6789
kenney/3d-road-tiles/roadTile_251	0.4011
kenney/3d-road-tiles/roadTile_252	0.3878
kenney/3d-road-tiles/roadTile_253	0.3957
kenney/3d-road-tiles/roadTile_254	0.4496
kenney/3d-road-tiles/roadTile_255	0.3117
kenney/3d-road-tiles/roadTile_256	0.6603
kenney/3d-road-tiles/roadTile_257	0.4662
kenney/3d-road-tiles/roadTile_258	0.4950
kenney/3d-road-tiles/roadTile_259	0.6813
kenney/3d-road-tiles/roadTile_260	0.3957
kenney/3d-road-tiles/roadTile_261	0.3117
kenney/3d-road-tiles/roadTile_262	0.4513
kenney/3d-road-tiles/roadTile_263	0.6813
kenney/3d-road-tiles/roadTile_264	0.4044
kenney/3d-road-tiles/roadTile_265	0.3876
kenney/3d-road-tiles/roadTile_266	0.4256
kenney/3d-road-tiles/roadTile_267	0.3444
kenney/3d-road-tiles/roadTile_268	0.5002
kenney/3d-road-tiles/roadTile_269	0.4264
kenney/3d-road-tiles/roadTile_270	0.2995
kenney/3d-road-tiles/roadTile_271	0.4256
kenney/3d-road-tiles/roadTile_272	0.3828
kenney/3d-road-tiles/roadTile_273	0.4049
kenney/3d-road-tiles/roadTile_274	0.4321
kenney/3d-road-tiles/roadTile_275	0.3606
kenney/3d-road-tiles/roadTile_276	0.2656
kenney/3d-road-tiles/roadTile_277	0.3216
kenney/3d-road-tiles/roadTile_278	0.4264
kenney/3d-road-tiles/roadTile_279	0.4256
kenney/3d-road-tiles/roadTile_280	0.4256
kenney/3d-road-tiles/roadTile_281	0.4231
kenney/3d-road-tiles/roadTile_282	0.3878
kenney/3d-road-tiles/roadTile_283	0.3878
kenney/3d-road-tiles/roadTile_284	0.3933
kenney/3d-road-tiles/roadTile_285	0.4256
kenney/3d-road-tiles/roadTile_286	0.4265
kenney/3d-road-tiles/roadTile_287	0.4265
kenney/3d-road-tiles/roadTile_288	0.4252
kenney/3d-road-tiles/roadTile_289	0.5002
kenney/3d-road-tiles/roadTile_290	0.4248
kenney/3d-road-tiles/roadTile_291	0.4236
kenney/3d-road-tiles/roadTile_292	0.4256
kenney/3d-road-tiles/roadTile_293	0.3688
kenney/3d-road-tiles/roadTile_294	0.3847
kenney/3d-road-tiles/roadTile_295	0.3865
kenney/3d-road-tiles/roadTile_296	0.4496
kenney/3d-road-tiles/roadTile_297	0.3803
kenney/3d-road-tiles/roadTile_298	0.4822
kenney/3d-road-tiles/roadTile_299	0.3904
kenney/3d-road-tiles/roadTile_300	0.3563
kenney/3d-road-tiles/roadTile_301	0.4269
kenney/3d-road-tiles/roadTile_302	0.3371
kenney/blaster-kit/blaster-a	0.1681
kenney/blaster-kit/blaster-b	0.2541
kenney/blaster-kit/blaster-c	0.2645
kenney/blaster-kit/blaster-d	0.1218
kenney/blaster-kit/blaster-e	0.0652
kenney/blaster-kit/blaster-f	0.0671
kenney/blaster-kit/blaster-g	0.1384
kenney/blaster-kit/blaster-h	0.1354
kenney/blaster-kit/blaster-i	0.2354
kenney/blaster-kit/blaster-j	0.1876
kenney/blaster-kit/blaster-k	0.2684
kenney/blaster-kit/blaster-l	0.2165
kenney/blaster-kit/blaster-m	0.1839
kenney/blaster-kit/blaster-n	0.1432
kenney/blaster-kit/blaster-o	0.3159
kenney/blaster-kit/blaster-p	0.1196
kenney/blaster-kit/blaster-q	0.1787
kenney/blaster-kit/blaster-r	0.1750
kenney/blaster-kit/bullet-foam-thick	0.4578
kenney/blaster-kit/bullet-foam-tip-thick	0.4275
kenney/blaster-kit/bullet-foam-tip	0.2286
kenney/blaster-kit/bullet-foam	0.2857
kenney/blaster-kit/clip-large	0.3346
kenney/blaster-kit/clip-small	0.5517
kenney/blaster-kit/crate-medium	0.3188
kenney/blaster-kit/crate-small	0.4249
kenney/blaster-kit/crate-wide	0.2536
kenney/blaster-kit/grenade-a	0.3944
kenney/blaster-kit/grenade-b	0.4277
kenney/blaster-kit/scope-large-a	0.1092
kenney/blaster-kit/scope-large-b	0.1101
kenney/blaster-kit/scope-small	0.1645
kenney/blaster-kit/silencer-larger	0.1761
kenney/blaster-kit/silencer-small	0.1953
kenney/blaster-kit/smoke	0.3441
kenney/blaster-kit/target-detail	0.4071
kenney/blaster-kit/target-fragment-large	0.2794
kenney/blaster-kit/target-fragment-small	0.5621
kenney/blaster-kit/target-large	0.4107
kenney/blaster-kit/target-small	0.5559
kenney/blocky-characters/character-a	0.2991
kenney/blocky-characters/character-b	0.2991
kenney/blocky-characters/character-c	0.2991
kenney/blocky-characters/character-d	0.2991
kenney/blocky-characters/character-e	0.2991
kenney/blocky-characters/character-f	0.2991
kenney/blocky-characters/character-g	0.2991
kenney/blocky-characters/character-h	0.2991
kenney/blocky-characters/character-i	0.2991
kenney/blocky-characters/character-j	0.2991
kenney/blocky-characters/character-k	0.2991
kenney/blocky-characters/character-l	0.2991
kenney/blocky-characters/character-m	0.2991
kenney/blocky-characters/character-n	0.2991
kenney/blocky-characters/character-o	0.2991
kenney/blocky-characters/character-p	0.2991
kenney/blocky-characters/character-q	0.2991
kenney/blocky-characters/character-r	0.2991
kenney/brick-kit/bevel-hq-brick-1x1-round	0.4275
kenney/brick-kit/bevel-hq-brick-1x1	0.6359
kenney/brick-kit/bevel-hq-brick-1x2	0.5482
kenney/brick-kit/bevel-hq-brick-1x4	0.2492
kenney/brick-kit/bevel-hq-brick-1x6	0.1604
kenney/brick-kit/bevel-hq-brick-1x8	0.1176
kenney/brick-kit/bevel-hq-brick-2x2	0.7264
kenney/brick-kit/bevel-hq-brick-2x4	0.3422
kenney/brick-kit/bevel-hq-brick-2x6	0.2173
kenney/brick-kit/bevel-hq-brick-2x8	0.1587
kenney/brick-kit/bevel-hq-brick-corner	0.6586
kenney/brick-kit/bevel-hq-brick-slope-1x2	0.4821
kenney/brick-kit/bevel-hq-brick-slope-2x2	0.6819
kenney/brick-kit/bevel-hq-brick-slope-2x3	0.4347
kenney/brick-kit/bevel-hq-brick-slope-2x4	0.3060
kenney/brick-kit/bevel-hq-brick-slope-3x1	0.2839
kenney/brick-kit/bevel-hq-brick-slope-3x2	0.4223
kenney/brick-kit/bevel-hq-brick-slope-corner-inside-2x2	0.7280
kenney/brick-kit/bevel-hq-brick-slope-corner-inside-inverted-2x2	0.6596
kenney/brick-kit/bevel-hq-brick-slope-corner-outside-2x2	0.6609
kenney/brick-kit/bevel-hq-brick-slope-corner-outside-inverted-2x2	0.4657
kenney/brick-kit/bevel-hq-brick-slope-inverted-1x2	0.4180
kenney/brick-kit/bevel-hq-brick-slope-inverted-2x2	0.5529
kenney/brick-kit/bevel-hq-plate-1x1-round	0.3928
kenney/brick-kit/bevel-hq-plate-1x1	0.5800
kenney/brick-kit/bevel-hq-plate-1x2	0.2767
kenney/brick-kit/bevel-hq-plate-1x4	0.1305
kenney/brick-kit/bevel-hq-plate-1x6	0.0851
kenney/brick-kit/bevel-hq-plate-1x8	0.0630
kenney/brick-kit/bevel-hq-plate-2x2	0.4250
kenney/brick-kit/bevel-hq-plate-2x4	0.2066
kenney/brick-kit/bevel-hq-plate-2x6	0.1345
kenney/brick-kit/bevel-hq-plate-2x8	0.0995
kenney/brick-kit/bevel-hq-plate-4x4	0.3466
kenney/brick-kit/bevel-hq-plate-4x6	0.2328
kenney/brick-kit/bevel-hq-plate-4x8	0.1714
kenney/brick-kit/bevel-hq-plate-corner	0.3571
kenney/brick-kit/bevel-lq-brick-1x1-round	0.4409
kenney/brick-kit/bevel-lq-brick-1x1	0.6539
kenney/brick-kit/bevel-lq-brick-1x2	0.5617
kenney/brick-kit/bevel-lq-brick-1x4	0.2549
kenney/brick-kit/bevel-lq-brick-1x6	0.1641
kenney/brick-kit/bevel-lq-brick-1x8	0.1203
kenney/brick-kit/bevel-lq-brick-2x2	0.7414
kenney/brick-kit/bevel-lq-brick-2x4	0.3489
kenney/brick-kit/bevel-lq-brick-2x6	0.2211
kenney/brick-kit/bevel-lq-brick-2x8	0.1615
kenney/brick-kit/bevel-lq-brick-corner	0.6736
kenney/brick-kit/bevel-lq-brick-slope-1x2	0.4911
kenney/brick-kit/bevel-lq-brick-slope-2x2	0.6936
kenney/brick-kit/bevel-lq-brick-slope-2x3	0.4423
kenney/brick-kit/bevel-lq-brick-slope-2x4	0.3110
kenney/brick-kit/bevel-lq-brick-slope-3x1	0.2880
kenney/brick-kit/bevel-lq-brick-slope-3x2	0.4282
kenney/brick-kit/bevel-lq-brick-slope-corner-inside-2x2	0.7431
kenney/brick-kit/bevel-lq-brick-slope-corner-inside-inverted-2x2	0.6748
kenney/brick-kit/bevel-lq-brick-slope-corner-outside-2x2	0.6700
kenney/brick-kit/bevel-lq-brick-slope-corner-outside-inverted-2x2	0.4808
kenney/brick-kit/bevel-lq-brick-slope-inverted-1x2	0.4315
kenney/brick-kit/bevel-lq-brick-slope-inverted-2x2	0.5679
kenney/brick-kit/bevel-lq-plate-1x1-round	0.4205
kenney/brick-kit/bevel-lq-plate-1x1	0.6109
kenney/brick-kit/bevel-lq-plate-1x2	0.2902
kenney/brick-kit/bevel-lq-plate-1x4	0.1363
kenney/brick-kit/bevel-lq-plate-1x6	0.0889
kenney/brick-kit/bevel-lq-plate-1x8	0.0656
kenney/brick-kit/bevel-lq-plate-2x2	0.4400
kenney/brick-kit/bevel-lq-plate-2x4	0.2131
kenney/brick-kit/bevel-lq-plate-2x6	0.1381
kenney/brick-kit/bevel-lq-plate-2x8	0.1021
kenney/brick-kit/bevel-lq-plate-4x4	0.3541
kenney/brick-kit/bevel-lq-plate-4x6	0.2375
kenney/brick-kit/bevel-lq-plate-4x8	0.1747
kenney/brick-kit/bevel-lq-plate-corner	0.3721
kenney/brick-kit/none-hq-brick-1x1-round	0.5763
kenney/brick-kit/none-hq-brick-1x1	0.8487
kenney/brick-kit/none-hq-brick-1x2	0.5300
kenney/brick-kit/none-hq-brick-1x4	0.2405
kenney/brick-kit/none-hq-brick-1x6	0.1549
kenney/brick-kit/none-hq-brick-1x8	0.1136
kenney/brick-kit/none-hq-brick-2x2	0.7050
kenney/brick-kit/none-hq-brick-2x4	0.3330
kenney/brick-kit/none-hq-brick-2x6	0.2111
kenney/brick-kit/none-hq-brick-2x8	0.1543
kenney/brick-kit/none-hq-brick-corner	0.6370
kenney/brick-kit/none-hq-brick-slope-1x2	0.4720
kenney/brick-kit/none-hq-brick-slope-2x2	0.6685
kenney/brick-kit/none-hq-brick-slope-2x3	0.4272
kenney/brick-kit/none-hq-brick-slope-2x4	0.3006
kenney/brick-kit/none-hq-brick-slope-3x1	0.2796
kenney/brick-kit/none-hq-brick-slope-3x2	0.4162
kenney/brick-kit/none-hq-brick-slope-corner-inside-2x2	0.7065
kenney/brick-kit/none-hq-brick-slope-corner-inside-inverted-2x2	0.6380
kenney/brick-kit/none-hq-brick-slope-corner-outside-2x2	0.6507
kenney/brick-kit/none-hq-brick-slope-corner-outside-inverted-2x2	0.4447
kenney/brick-kit/none-hq-brick-slope-inverted-1x2	0.3998
kenney/brick-kit/none-hq-brick-slope-inverted-2x2	0.5314
kenney/brick-kit/none-hq-plate-1x1-round	0.3484
kenney/brick-kit/none-hq-plate-1x1	0.5392
kenney/brick-kit/none-hq-plate-1x2	0.2587
kenney/brick-kit/none-hq-plate-1x4	0.1220
kenney/brick-kit/none-hq-plate-1x6	0.0795
kenney/brick-kit/none-hq-plate-1x8	0.0589
kenney/brick-kit/none-hq-plate-2x2	0.4034
kenney/brick-kit/none-hq-plate-2x4	0.1973
kenney/brick-kit/none-hq-plate-2x6	0.1283
kenney/brick-kit/none-hq-plate-2x8	0.0949
kenney/brick-kit/none-hq-plate-4x4	0.3357
kenney/brick-kit/none-hq-plate-4x6	0.2260
kenney/brick-kit/none-hq-plate-4x8	0.1667
kenney/brick-kit/none-hq-plate-corner	0.3354
kenney/brick-kit/none-lq-brick-1x1-round	0.5921
kenney/brick-kit/none-lq-brick-1x1	0.8659
kenney/brick-kit/none-lq-brick-1x2	0.5432
kenney/brick-kit/none-lq-brick-1x4	0.2460
kenney/brick-kit/none-lq-brick-1x6	0.1583
kenney/brick-kit/none-lq-brick-1x8	0.1161
kenney/brick-kit/none-lq-brick-2x2	0.7199
kenney/brick-kit/none-lq-brick-2x4	0.3394
kenney/brick-kit/none-lq-brick-2x6	0.2149
kenney/brick-kit/none-lq-brick-2x8	0.1570
kenney/brick-kit/none-lq-brick-corner	0.6518
kenney/brick-kit/none-lq-brick-slope-1x2	0.4809
kenney/brick-kit/none-lq-brick-slope-2x2	0.6802
kenney/brick-kit/none-lq-brick-slope-2x3	0.4352
kenney/brick-kit/none-lq-brick-slope-2x4	0.3063
kenney/brick-kit/none-lq-brick-slope-3x1	0.2835
kenney/brick-kit/none-lq-brick-slope-3x2	0.4223
kenney/brick-kit/none-lq-brick-slope-corner-inside-2x2	0.7216
kenney/brick-kit/none-lq-brick-slope-corner-inside-inverted-2x2	0.6532
kenney/brick-kit/none-lq-brick-slope-corner-outside-2x2	0.6600
kenney/brick-kit/none-lq-brick-slope-corner-outside-inverted-2x2	0.4598
kenney/brick-kit/none-lq-brick-slope-inverted-1x2	0.4129
kenney/brick-kit/none-lq-brick-slope-inverted-2x2	0.5463
kenney/brick-kit/none-lq-plate-1x1-round	0.3726
kenney/brick-kit/none-lq-plate-1x1	0.5693
kenney/brick-kit/none-lq-plate-1x2	0.2718
kenney/brick-kit/none-lq-plate-1x4	0.1274
kenney/brick-kit/none-lq-plate-1x6	0.0830
kenney/brick-kit/none-lq-plate-1x8	0.0613
kenney/brick-kit/none-lq-plate-2x2	0.4183
kenney/brick-kit/none-lq-plate-2x4	0.2038
kenney/brick-kit/none-lq-plate-2x6	0.1322
kenney/brick-kit/none-lq-plate-2x8	0.0978
kenney/brick-kit/none-lq-plate-4x4	0.3430
kenney/brick-kit/none-lq-plate-4x6	0.2309
kenney/brick-kit/none-lq-plate-4x8	0.1698
kenney/brick-kit/none-lq-plate-corner	0.3502
kenney/brick-kit/round-hq-brick-1x1-round	0.4275
kenney/brick-kit/round-hq-brick-1x1	0.6291
kenney/brick-kit/round-hq-brick-1x2	0.5421
kenney/brick-kit/round-hq-brick-1x4	0.2465
kenney/brick-kit/round-hq-brick-1x6	0.1589
kenney/brick-kit/round-hq-brick-1x8	0.1164
kenney/brick-kit/round-hq-brick-2x2	0.7190
kenney/brick-kit/round-hq-brick-2x4	0.3393
kenney/brick-kit/round-hq-brick-2x6	0.2152
kenney/brick-kit/round-hq-brick-2x8	0.1573
kenney/brick-kit/round-hq-brick-corner	0.6511
kenney/brick-kit/round-hq-brick-slope-1x2	0.4786
kenney/brick-kit/round-hq-brick-slope-2x2	0.6769
kenney/brick-kit/round-hq-brick-slope-2x3	0.4319
kenney/brick-kit/round-hq-brick-slope-2x4	0.3039
kenney/brick-kit/round-hq-brick-slope-3x1	0.2823
kenney/brick-kit/round-hq-brick-slope-3x2	0.4202
kenney/brick-kit/round-hq-brick-slope-corner-inside-2x2	0.7206
kenney/brick-kit/round-hq-brick-slope-corner-inside-inverted-2x2	0.6522
kenney/brick-kit/round-hq-brick-slope-corner-outside-2x2	0.6573
kenney/brick-kit/round-hq-brick-slope-corner-outside-inverted-2x2	0.4584
kenney/brick-kit/round-hq-brick-slope-inverted-1x2	0.4120
kenney/brick-kit/round-hq-brick-slope-inverted-2x2	0.5455
kenney/brick-kit/round-hq-plate-1x1-round	0.3928
kenney/brick-kit/round-hq-plate-1x1	0.5664
kenney/brick-kit/round-hq-plate-1x2	0.2709
kenney/brick-kit/round-hq-plate-1x4	0.1279
kenney/brick-kit/round-hq-plate-1x6	0.0836
kenney/brick-kit/round-hq-plate-1x8	0.0618
kenney/brick-kit/round-hq-plate-2x2	0.4176
kenney/brick-kit/round-hq-plate-2x4	0.2035
kenney/brick-kit/round-hq-plate-2x6	0.1323
kenney/brick-kit/round-hq-plate-2x8	0.0979
kenney/brick-kit/round-hq-plate-4x4	0.3428
kenney/brick-kit/round-hq-plate-4x6	0.2304
kenney/brick-kit/round-hq-plate-4x8	0.1698
kenney/brick-kit/round-hq-plate-corner	0.3496
kenney/brick-kit/round-lq-brick-1x1-round	0.4409
kenney/brick-kit/round-lq-brick-1x1	0.6471
kenney/brick-kit/round-lq-brick-1x2	0.5556
kenney/brick-kit/round-lq-brick-1x4	0.2522
kenney/brick-kit/round-lq-brick-1x6	0.1623
kenney/brick-kit/round-lq-brick-1x8	0.1190
kenney/brick-kit/round-lq-brick-2x2	0.7341
kenney/brick-kit/round-lq-brick-2x4	0.3460
kenney/brick-kit/round-lq-brick-2x6	0.2194
kenney/brick-kit/round-lq-brick-2x8	0.1602
kenney/brick-kit/round-lq-brick-corner	0.6663
kenney/brick-kit/round-lq-brick-slope-1x2	0.4876
kenney/brick-kit/round-lq-brick-slope-2x2	0.6886
kenney/brick-kit/round-lq-brick-slope-2x3	0.4396
kenney/brick-kit/round-lq-brick-slope-2x4	0.3092
kenney/brick-kit/round-lq-brick-slope-3x1	0.2865
kenney/brick-kit/round-lq-brick-slope-3x2	0.4260
kenney/brick-kit/round-lq-brick-slope-corner-inside-2x2	0.7357
kenney/brick-kit/round-lq-brick-slope-corner-inside-inverted-2x2	0.6673
kenney/brick-kit/round-lq-brick-slope-corner-outside-2x2	0.6664
kenney/brick-kit/round-lq-brick-slope-corner-outside-inverted-2x2	0.4735
kenney/brick-kit/round-lq-brick-slope-inverted-1x2	0.4254
kenney/brick-kit/round-lq-brick-slope-inverted-2x2	0.5605
kenney/brick-kit/round-lq-plate-1x1-round	0.4205
kenney/brick-kit/round-lq-plate-1x1	0.5972
kenney/brick-kit/round-lq-plate-1x2	0.2844
kenney/brick-kit/round-lq-plate-1x4	0.1334
kenney/brick-kit/round-lq-plate-1x6	0.0869
kenney/brick-kit/round-lq-plate-1x8	0.0642
kenney/brick-kit/round-lq-plate-2x2	0.4328
kenney/brick-kit/round-lq-plate-2x4	0.2102
kenney/brick-kit/round-lq-plate-2x6	0.1366
kenney/brick-kit/round-lq-plate-2x8	0.1010
kenney/brick-kit/round-lq-plate-4x4	0.3502
kenney/brick-kit/round-lq-plate-4x6	0.2353
kenney/brick-kit/round-lq-plate-4x8	0.1730
kenney/brick-kit/round-lq-plate-corner	0.3649
kenney/brick-kit/square-hq-brick-1x1-round	0.4275
kenney/brick-kit/square-hq-brick-1x1	0.6408
kenney/brick-kit/square-hq-brick-1x2	0.5523
kenney/brick-kit/square-hq-brick-1x4	0.2511
kenney/brick-kit/square-hq-brick-1x6	0.1618
kenney/brick-kit/square-hq-brick-1x8	0.1185
kenney/brick-kit/square-hq-brick-2x2	0.7320
kenney/brick-kit/square-hq-brick-2x4	0.3447
kenney/brick-kit/square-hq-brick-2x6	0.2186
kenney/brick-kit/square-hq-brick-2x8	0.1597
kenney/brick-kit/square-hq-brick-corner	0.6641
kenney/brick-kit/square-hq-brick-slope-1x2	0.4846
kenney/brick-kit/square-hq-brick-slope-2x2	0.6855
kenney/brick-kit/square-hq-brick-slope-2x3	0.4371
kenney/brick-kit/square-hq-brick-slope-2x4	0.3073
kenney/brick-kit/square-hq-brick-slope-3x1	0.2851
kenney/brick-kit/square-hq-brick-slope-3x2	0.4239
kenney/brick-kit/square-hq-brick-slope-corner-inside-2x2	0.7335
kenney/brick-kit/square-hq-brick-slope-corner-inside-inverted-2x2	0.6651
kenney/brick-kit/square-hq-brick-slope-corner-outside-2x2	0.6636
kenney/brick-kit/square-hq-brick-slope-corner-outside-inverted-2x2	0.4711
kenney/brick-kit/square-hq-brick-slope-inverted-1x2	0.4221
kenney/brick-kit/square-hq-brick-slope-inverted-2x2	0.5584
kenney/brick-kit/square-hq-plate-1x1-round	0.3928
kenney/brick-kit/square-hq-plate-1x1	0.5903
kenney/brick-kit/square-hq-plate-1x2	0.2811
kenney/brick-kit/square-hq-plate-1x4	0.1324
kenney/brick-kit/square-hq-plate-1x6	0.0864
kenney/brick-kit/square-hq-plate-1x8	0.0638
kenney/brick-kit/square-hq-plate-2x2	0.4304
kenney/brick-kit/square-hq-plate-2x4	0.2090
kenney/brick-kit/square-hq-plate-2x6	0.1357
kenney/brick-kit/square-hq-plate-2x8	0.1005
kenney/brick-kit/square-hq-plate-4x4	0.3489
kenney/brick-kit/square-hq-plate-4x6	0.2345
kenney/brick-kit/square-hq-plate-4x8	0.1727
kenney/brick-kit/square-hq-plate-corner	0.3625
kenney/brick-kit/square-lq-brick-1x1-round	0.4409
kenney/brick-kit/square-lq-brick-1x1	0.6590
kenney/brick-kit/square-lq-brick-1x2	0.5664
kenney/brick-kit/square-lq-brick-1x4	0.2570
kenney/brick-kit/square-lq-brick-1x6	0.1654
kenney/brick-kit/square-lq-brick-1x8	0.1213
kenney/brick-kit/square-lq-brick-2x2	0.7477
kenney/brick-kit/square-lq-brick-2x4	0.3517
kenney/brick-kit/square-lq-brick-2x6	0.2227
kenney/brick-kit/square-lq-brick-2x8	0.1628
kenney/brick-kit/square-lq-brick-corner	0.6798
kenney/brick-kit/square-lq-brick-slope-1x2	0.4939
kenney/brick-kit/square-lq-brick-slope-2x2	0.6977
kenney/brick-kit/square-lq-brick-slope-2x3	0.4451
kenney/brick-kit/square-lq-brick-slope-2x4	0.3128
kenney/brick-kit/square-lq-brick-slope-3x1	0.2893
kenney/brick-kit/square-lq-brick-slope-3x2	0.4301
kenney/brick-kit/square-lq-brick-slope-corner-inside-2x2	0.7493
kenney/brick-kit/square-lq-brick-slope-corner-inside-inverted-2x2	0.6810
kenney/brick-kit/square-lq-brick-slope-corner-outside-2x2	0.6730
kenney/brick-kit/square-lq-brick-slope-corner-outside-inverted-2x2	0.4868
kenney/brick-kit/square-lq-brick-slope-inverted-1x2	0.4362
kenney/brick-kit/square-lq-brick-slope-inverted-2x2	0.5741
kenney/brick-kit/square-lq-plate-1x1-round	0.4205
kenney/brick-kit/square-lq-plate-1x1	0.6220
kenney/brick-kit/square-lq-plate-1x2	0.2950
kenney/brick-kit/square-lq-plate-1x4	0.1382
kenney/brick-kit/square-lq-plate-1x6	0.0902
kenney/brick-kit/square-lq-plate-1x8	0.0666
kenney/brick-kit/square-lq-plate-2x2	0.4463
kenney/brick-kit/square-lq-plate-2x4	0.2159
kenney/brick-kit/square-lq-plate-2x6	0.1398
kenney/brick-kit/square-lq-plate-2x8	0.1035
kenney/brick-kit/square-lq-plate-4x4	0.3568
kenney/brick-kit/square-lq-plate-4x6	0.2396
kenney/brick-kit/square-lq-plate-4x8	0.1760
kenney/brick-kit/square-lq-plate-corner	0.3783
kenney/building-kit/barricade-doorway-a	0.0994
kenney/building-kit/barricade-doorway-b	0.1590
kenney/building-kit/barricade-doorway-c	0.1704
kenney/building-kit/barricade-window-a	0.1344
kenney/building-kit/barricade-window-b	0.2456
kenney/building-kit/barricade-window-c	0.2509
kenney/building-kit/border-corner-diagonal	0.0951
kenney/building-kit/border-corner-round	0.0792
kenney/building-kit/border-corner-small	0.2373
kenney/building-kit/border-corner	0.1377
kenney/building-kit/border-high-corner-diagonal	0.1351
kenney/building-kit/border-high-corner-round	0.1115
kenney/building-kit/border-high-corner-small	0.3300
kenney/building-kit/border-high-corner	0.2002
kenney/building-kit/border-high	0.1233
kenney/building-kit/border	0.0854
kenney/building-kit/column-thin	0.1137
kenney/building-kit/column-wide	0.2388
kenney/building-kit/column	0.1534
kenney/building-kit/detail-pipe	0.5480
kenney/building-kit/door-rotate-round-a	0.1705
kenney/building-kit/door-rotate-round-b	0.1705
kenney/building-kit/door-rotate-round-c	0.1705
kenney/building-kit/door-rotate-round-d	0.1705
kenney/building-kit/door-rotate-square-a	0.1799
kenney/building-kit/door-rotate-square-b	0.1799
kenney/building-kit/door-rotate-square-c	0.1799
kenney/building-kit/door-rotate-square-d	0.1799
kenney/building-kit/floor-corner-diagonal	0.2684
kenney/building-kit/floor-corner-round	0.2400
kenney/building-kit/floor-half	0.1670
kenney/building-kit/floor-quarter	0.3439
kenney/building-kit/floor	0.3065
kenney/building-kit/gutter-vertical-bottom	0.4740
kenney/building-kit/gutter-vertical-short	0.1400
kenney/building-kit/gutter-vertical-top	0.4739
kenney/building-kit/gutter-vertical-wall	0.0522
kenney/building-kit/gutter-vertical	0.0643
kenney/building-kit/plating-detailed-wide	0.1907
kenney/building-kit/plating-detailed	0.3936
kenney/building-kit/plating-wide	0.1903
kenney/building-kit/plating	0.3949
kenney/building-kit/roof-flat-center	0.3065
kenney/building-kit/roof-flat-corner-inner	0.2880
kenney/building-kit/roof-flat-corner	0.3457
kenney/building-kit/roof-flat-patch-large	0.2918
kenney/building-kit/roof-flat-patch	0.3019
kenney/building-kit/roof-flat-side	0.3359
kenney/building-kit/roof-flat-square	0.3693
kenney/building-kit/stairs-center-short	0.1312
kenney/building-kit/stairs-center	0.0537
kenney/building-kit/stairs-closed-short	0.4238
kenney/building-kit/stairs-closed	0.2506
kenney/building-kit/stairs-open-short	0.1343
kenney/building-kit/stairs-open	0.0544
kenney/building-kit/stairs-sides-short	0.1490
kenney/building-kit/stairs-sides	0.0584
kenney/building-kit/wall-corner-column-bottom	0.5270
kenney/building-kit/wall-corner-column-small-bottom	0.2800
kenney/building-kit/wall-corner-column-small	0.2772
kenney/building-kit/wall-corner-column	0.5243
kenney/building-kit/wall-corner-diagonal	0.3298
kenney/building-kit/wall-corner-round	0.2599
kenney/building-kit/wall-corner	0.4987
kenney/building-kit/wall-doorway-round	0.2516
kenney/building-kit/wall-doorway-square	0.2474
kenney/building-kit/wall-doorway-wide-round	0.1071
kenney/building-kit/wall-doorway-wide-square	0.1054
kenney/building-kit/wall-half	0.1734
kenney/building-kit/wall-low	0.2384
kenney/building-kit/wall-window-round-detailed	0.3279
kenney/building-kit/wall-window-round	0.3279
kenney/building-kit/wall-window-square-detailed	0.3279
kenney/building-kit/wall-window-square	0.3279
kenney/building-kit/wall-window-wide-round-detailed	0.2261
kenney/building-kit/wall-window-wide-round	0.2261
kenney/building-kit/wall-window-wide-square-detailed	0.2261
kenney/building-kit/wall-window-wide-square	0.2261
kenney/building-kit/wall	0.3279
kenney/car-kit/ambulance	0.3104
kenney/car-kit/box	0.9339
kenney/car-kit/cone-flat	0.4805
kenney/car-kit/cone	0.4332
kenney/car-kit/debris-bolt	0.4063
kenney/car-kit/debris-bumper	0.1487
kenney/car-kit/debris-door-window	0.3444
kenney/car-kit/debris-door	0.3383
kenney/car-kit/debris-drivetrain-axle	0.1094
kenney/car-kit/debris-drivetrain	0.1040
kenney/car-kit/debris-nut	0.4820
kenney/car-kit/debris-plate-a	0.3475
kenney/car-kit/debris-plate-b	0.3474
kenney/car-kit/debris-plate-small-a	0.4324
kenney/car-kit/debris-plate-small-b	0.4289
kenney/car-kit/debris-spoiler-a	0.1343
kenney/car-kit/debris-spoiler-b	0.1757
kenney/car-kit/debris-tire	0.5240
kenney/car-kit/delivery-flat	0.1895
kenney/car-kit/delivery	0.3077
kenney/car-kit/firetruck	0.3262
kenney/car-kit/garbage-truck	0.2534
kenney/car-kit/hatchback-sports	0.2403
kenney/car-kit/kart-oobi	0.4580
kenney/car-kit/kart-oodi	0.4580
kenney/car-kit/kart-ooli	0.4580
kenney/car-kit/kart-oopi	0.4580
kenney/car-kit/kart-oozi	0.4580
kenney/car-kit/police	0.2155
kenney/car-kit/race-future	0.1974
kenney/car-kit/race	0.2059
kenney/car-kit/sedan-sports	0.2775
kenney/car-kit/sedan	0.2901
kenney/car-kit/suv-luxury	0.2857
kenney/car-kit/suv	0.2837
kenney/car-kit/taxi	0.2709
kenney/car-kit/tractor-police	0.3688
kenney/car-kit/tractor-shovel	0.3780
kenney/car-kit/tractor	0.3996
kenney/car-kit/truck-flat	0.2661
kenney/car-kit/truck	0.2368
kenney/car-kit/van	0.3049
kenney/car-kit/wheel-dark	0.5717
kenney/car-kit/wheel-default	0.5717
kenney/car-kit/wheel-racing	0.5717
kenney/car-kit/wheel-tractor-back	0.5451
kenney/car-kit/wheel-tractor-dark-back	0.5451
kenney/car-kit/wheel-tractor-dark-front	0.5815
kenney/car-kit/wheel-tractor-front	0.5803
kenney/car-kit/wheel-truck	0.5240
kenney/castle-kit/bridge-draw	0.2860
kenney/castle-kit/bridge-straight-pillar	0.5976
kenney/castle-kit/bridge-straight	0.7089
kenney/castle-kit/door	0.3289
kenney/castle-kit/flag-banner-long	0.1057
kenney/castle-kit/flag-banner-short	0.2592
kenney/castle-kit/flag-pennant	0.0826
kenney/castle-kit/flag-wide	0.1891
kenney/castle-kit/flag	0.0981
kenney/castle-kit/gate	0.3445
kenney/castle-kit/ground-hills	0.3154
kenney/castle-kit/ground	0.2691
kenney/castle-kit/metal-gate	0.3333
kenney/castle-kit/rocks-large	0.1911
kenney/castle-kit/rocks-small	0.2766
kenney/castle-kit/siege-ballista-demolished	0.1765
kenney/castle-kit/siege-ballista	0.1930
kenney/castle-kit/siege-catapult-demolished	0.2186
kenney/castle-kit/siege-catapult	0.2901
kenney/castle-kit/siege-ram-demolished	0.1976
kenney/castle-kit/siege-ram	0.2656
kenney/castle-kit/siege-tower-demolished	0.4074
kenney/castle-kit/siege-tower	0.2925
kenney/castle-kit/siege-trebuchet-demolished	0.1624
kenney/castle-kit/siege-trebuchet	0.3365
kenney/castle-kit/stairs-stone-square	0.2893
kenney/castle-kit/stairs-stone	0.1235
kenney/castle-kit/tower-base	0.5639
kenney/castle-kit/tower-hexagon-base	0.4251
kenney/castle-kit/tower-hexagon-mid	0.4123
kenney/castle-kit/tower-hexagon-roof-secondary	0.3185
kenney/castle-kit/tower-hexagon-roof	0.3755
kenney/castle-kit/tower-hexagon-top-wood	0.4005
kenney/castle-kit/tower-hexagon-top	0.1845
kenney/castle-kit/tower-slant-roof	0.3629
kenney/castle-kit/tower-square-arch	0.7335
kenney/castle-kit/tower-square-base-border	0.5895
kenney/castle-kit/tower-square-base-color	0.9481
kenney/castle-kit/tower-square-base	0.9481
kenney/castle-kit/tower-square-mid-color	0.4314
kenney/castle-kit/tower-square-mid-door	0.9226
kenney/castle-kit/tower-square-mid-open-simple	0.5587
kenney/castle-kit/tower-square-mid-open	0.7033
kenney/castle-kit/tower-square-mid-windows	0.9177
kenney/castle-kit/tower-square-mid	0.9177
kenney/castle-kit/tower-square-roof	0.3654
kenney/castle-kit/tower-square-top-color	0.5193
kenney/castle-kit/tower-square-top-roof-high-windows	0.5863
kenney/castle-kit/tower-square-top-roof-high	0.3938
kenney/castle-kit/tower-square-top-roof-rounded	0.6236
kenney/castle-kit/tower-square-top-roof	0.5873
kenney/castle-kit/tower-square-top	0.4592
kenney/castle-kit/tower-square	0.7657
kenney/castle-kit/tower-top	0.2194
kenney/castle-kit/tree-large	0.1649
kenney/castle-kit/tree-log	0.1164
kenney/castle-kit/tree-small	0.1950
kenney/castle-kit/tree-trunk	0.3980
kenney/castle-kit/wall-corner-half-tower	0.8152
kenney/castle-kit/wall-corner-half	0.7830
kenney/castle-kit/wall-corner-slant	0.7567
kenney/castle-kit/wall-corner	0.7830
kenney/castle-kit/wall-doorway	0.4800
kenney/castle-kit/wall-half-modular	0.5697
kenney/castle-kit/wall-half	0.7373
kenney/castle-kit/wall-narrow-corner	0.3495
kenney/castle-kit/wall-narrow-gate	0.4972
kenney/castle-kit/wall-narrow-stairs-rail	0.5010
kenney/castle-kit/wall-narrow-stairs	0.6656
kenney/castle-kit/wall-narrow-wood-fence	0.5325
kenney/castle-kit/wall-narrow-wood	0.5743
kenney/castle-kit/wall-narrow	0.4877
kenney/castle-kit/wall-pillar	0.7577
kenney/castle-kit/wall-stud	0.1446
kenney/castle-kit/wall-to-narrow	0.7680
kenney/castle-kit/wall	0.7611
kenney/city-kit-commercial/building-a	0.6557
kenney/city-kit-commercial/building-b	0.6196
kenney/city-kit-commercial/building-c	0.6850
kenney/city-kit-commercial/building-d	0.5418
kenney/city-kit-commercial/building-e	0.4404
kenney/city-kit-commercial/building-f	0.4737
kenney/city-kit-commercial/building-g	0.4742
kenney/city-kit-commercial/building-h	0.6495
kenney/city-kit-commercial/building-i	0.7534
kenney/city-kit-commercial/building-j	0.7132
kenney/city-kit-commercial/building-k	0.4917
kenney/city-kit-commercial/building-l	0.5002
kenney/city-kit-commercial/building-m	0.3039
kenney/city-kit-commercial/building-n	0.6018
kenney/city-kit-commercial/building-skyscraper-a	0.3920
kenney/city-kit-commercial/building-skyscraper-b	0.2379
kenney/city-kit-commercial/building-skyscraper-c	0.2540
kenney/city-kit-commercial/building-skyscraper-d	0.1950
kenney/city-kit-commercial/building-skyscraper-e	0.2784
kenney/city-kit-commercial/detail-awning-wide	0.0707
kenney/city-kit-commercial/detail-awning	0.1962
kenney/city-kit-commercial/detail-overhang-wide	0.1251
kenney/city-kit-commercial/detail-overhang	0.2857
kenney/city-kit-commercial/detail-parasol-a	0.3627
kenney/city-kit-commercial/detail-parasol-b	0.3482
kenney/city-kit-commercial/low-detail-building-a	0.2175
kenney/city-kit-commercial/low-detail-building-b	0.1415
kenney/city-kit-commercial/low-detail-building-c	0.1510
kenney/city-kit-commercial/low-detail-building-d	0.2234
kenney/city-kit-commercial/low-detail-building-e	0.2476
kenney/city-kit-commercial/low-detail-building-f	0.1881
kenney/city-kit-commercial/low-detail-building-g	0.2221
kenney/city-kit-commercial/low-detail-building-h	0.2058
kenney/city-kit-commercial/low-detail-building-i	0.1756
kenney/city-kit-commercial/low-detail-building-j	0.1926
kenney/city-kit-commercial/low-detail-building-k	0.2911
kenney/city-kit-commercial/low-detail-building-l	0.2114
kenney/city-kit-commercial/low-detail-building-m	0.1691
kenney/city-kit-commercial/low-detail-building-n	0.6498
kenney/city-kit-commercial/low-detail-building-wide-a	0.6993
kenney/city-kit-commercial/low-detail-building-wide-b	0.6432
kenney/city-kit-industrial/building-a	0.5830
kenney/city-kit-industrial/building-b	0.4846
kenney/city-kit-industrial/building-c	0.3763
kenney/city-kit-industrial/building-d	0.6676
kenney/city-kit-industrial/building-e	0.4580
kenney/city-kit-industrial/building-f	0.4185
kenney/city-kit-industrial/building-g	0.4534
kenney/city-kit-industrial/building-h	0.5161
kenney/city-kit-industrial/building-i	0.4726
kenney/city-kit-industrial/building-j	0.4900
kenney/city-kit-industrial/building-k	0.4869
kenney/city-kit-industrial/building-l	0.4165
kenney/city-kit-industrial/building-m	0.5328
kenney/city-kit-industrial/building-n	0.3263
kenney/city-kit-industrial/building-o	0.6597
kenney/city-kit-industrial/building-p	0.3586
kenney/city-kit-industrial/building-q	0.3850
kenney/city-kit-industrial/building-r	0.3216
kenney/city-kit-industrial/building-s	0.2668
kenney/city-kit-industrial/building-t	0.3790
kenney/city-kit-industrial/chimney-basic	0.1169
kenney/city-kit-industrial/chimney-large	0.3691
kenney/city-kit-industrial/chimney-medium	0.1255
kenney/city-kit-industrial/chimney-small	0.2199
kenney/city-kit-industrial/detail-tank-large	0.4304
kenney/city-kit-industrial/detail-tank	0.2592
kenney/city-kit-industrial/shipping-container-a	0.3375
kenney/city-kit-industrial/shipping-container-b	0.3375
kenney/city-kit-industrial/shipping-container-c	0.3375
kenney/city-kit-industrial/solar-panel-flat	0.2138
kenney/city-kit-industrial/solar-panel-landscape-group	0.1129
kenney/city-kit-industrial/solar-panel-landscape	0.1341
kenney/city-kit-industrial/solar-panel-portrait-group	0.1796
kenney/city-kit-industrial/solar-panel-portrait	0.1864
kenney/city-kit-industrial/water-tower	0.1805
kenney/city-kit-industrial/windmill-low	0.1005
kenney/city-kit-industrial/windmill	0.0734
kenney/city-kit-roads/bridge-pillar-wide	0.1914
kenney/city-kit-roads/bridge-pillar	0.1154
kenney/city-kit-roads/construction-barrier	0.4339
kenney/city-kit-roads/construction-cone	0.4246
kenney/city-kit-roads/construction-fence	0.1110
kenney/city-kit-roads/construction-light	0.1816
kenney/city-kit-roads/dumpster	0.4564
kenney/city-kit-roads/electricity-pole-single	0.0655
kenney/city-kit-roads/electricity-pole-wide	0.0507
kenney/city-kit-roads/electricity-pole	0.1380
kenney/city-kit-roads/electricity-side-single	0.0788
kenney/city-kit-roads/electricity-side-wide	0.0605
kenney/city-kit-roads/electricity-side	0.1690
kenney/city-kit-roads/electricity-wires-wide	0.0255
kenney/city-kit-roads/electricity-wires	0.0507
kenney/city-kit-roads/light-curved-cross	0.0675
kenney/city-kit-roads/light-curved-double	0.0505
kenney/city-kit-roads/light-curved	0.0463
kenney/city-kit-roads/light-square-cross	0.0905
kenney/city-kit-roads/light-square-double	0.0669
kenney/city-kit-roads/light-square	0.0557
kenney/city-kit-roads/road-bend-barrier	0.0812
kenney/city-kit-roads/road-bend-sidewalk	0.2843
kenney/city-kit-roads/road-bend-square-barrier	0.0868
kenney/city-kit-roads/road-bend-square	0.2843
kenney/city-kit-roads/road-bend	0.2250
kenney/city-kit-roads/road-bridge	0.5843
kenney/city-kit-roads/road-crossing	0.2816
kenney/city-kit-roads/road-crossroad-barrier	0.0062
kenney/city-kit-roads/road-crossroad-line	0.2775
kenney/city-kit-roads/road-crossroad-path	0.2775
kenney/city-kit-roads/road-crossroad	0.2775
kenney/city-kit-roads/road-curve-barrier	0.0604
kenney/city-kit-roads/road-curve-intersection-barrier	0.0595
kenney/city-kit-roads/road-curve-intersection	0.2170
kenney/city-kit-roads/road-curve-pavement	0.2766
kenney/city-kit-roads/road-curve	0.1642
kenney/city-kit-roads/road-driveway-double-barrier	0.0682
kenney/city-kit-roads/road-driveway-double	0.2816
kenney/city-kit-roads/road-driveway-single-barrier	0.0820
kenney/city-kit-roads/road-driveway-single	0.2816
kenney/city-kit-roads/road-end-barrier	0.1232
kenney/city-kit-roads/road-end-round-barrier	0.1108
kenney/city-kit-roads/road-end-round	0.2525
kenney/city-kit-roads/road-end	0.2816
kenney/city-kit-roads/road-intersection-barrier	0.0526
kenney/city-kit-roads/road-intersection-line	0.2816
kenney/city-kit-roads/road-intersection-path	0.2816
kenney/city-kit-roads/road-intersection	0.2816
kenney/city-kit-roads/road-roundabout-barrier	0.0369
kenney/city-kit-roads/road-roundabout	0.1825
kenney/city-kit-roads/road-side-barrier	0.0459
kenney/city-kit-roads/road-side-entry-barrier	0.0436
kenney/city-kit-roads/road-side-entry	0.2096
kenney/city-kit-roads/road-side-exit-barrier	0.0541
kenney/city-kit-roads/road-side-exit	0.2075
kenney/city-kit-roads/road-side	0.2180
kenney/city-kit-roads/road-sign-empty-hanging	0.0853
kenney/city-kit-roads/road-sign-empty	0.0578
kenney/city-kit-roads/road-sign-object-stop	0.4327
kenney/city-kit-roads/road-sign-object-street	0.1407
kenney/city-kit-roads/road-sign-object-warning	0.3426
kenney/city-kit-roads/road-sign-stop	0.0752
kenney/city-kit-roads/road-sign-street	0.1025
kenney/city-kit-roads/road-sign-warning	0.0718
kenney/city-kit-roads/road-slant-barrier	0.1007
kenney/city-kit-roads/road-slant-curve-barrier	0.0553
kenney/city-kit-roads/road-slant-curve	0.2512
kenney/city-kit-roads/road-slant-flat-curve	0.1873
kenney/city-kit-roads/road-slant-flat-high	0.4549
kenney/city-kit-roads/road-slant-flat	0.3682
kenney/city-kit-roads/road-slant-high-barrier	0.1071
kenney/city-kit-roads/road-slant-high	0.5555
kenney/city-kit-roads/road-slant	0.4185
kenney/city-kit-roads/road-split-barrier	0.0280
kenney/city-kit-roads/road-split	0.1094
kenney/city-kit-roads/road-square-barrier	0.1565
kenney/city-kit-roads/road-square	0.2843
kenney/city-kit-roads/road-straight-barrier-end	0.0436
kenney/city-kit-roads/road-straight-barrier-half	0.0427
kenney/city-kit-roads/road-straight-barrier	0.0704
kenney/city-kit-roads/road-straight-half	0.1463
kenney/city-kit-roads/road-straight	0.2816
kenney/city-kit-roads/sign-highway-detailed	0.1402
kenney/city-kit-roads/sign-highway-wide	0.1220
kenney/city-kit-roads/sign-highway	0.1214
kenney/city-kit-roads/tile-high	0.4563
kenney/city-kit-roads/tile-low	0.2843
kenney/city-kit-roads/tile-slant	0.4212
kenney/city-kit-roads/tile-slantHigh	0.5581
kenney/city-kit-roads/traffic-light-hanging	0.0957
kenney/city-kit-roads/traffic-light-object-hanging	0.3448
kenney/city-kit-roads/traffic-light-object-horizontal	0.2827
kenney/city-kit-roads/traffic-light-object-vertical	0.3704
kenney/city-kit-roads/traffic-light	0.0774
kenney/city-kit-suburban/building-type-a	0.4645
kenney/city-kit-suburban/building-type-b	0.3846
kenney/city-kit-suburban/building-type-c	0.5613
kenney/city-kit-suburban/building-type-d	0.4386
kenney/city-kit-suburban/building-type-e	0.6843
kenney/city-kit-suburban/building-type-f	0.6003
kenney/city-kit-suburban/building-type-g	0.3778
kenney/city-kit-suburban/building-type-h	0.4608
kenney/city-kit-suburban/building-type-i	0.4771
kenney/city-kit-suburban/building-type-j	0.4925
kenney/city-kit-suburban/building-type-k	0.6268
kenney/city-kit-suburban/building-type-l	0.7089
kenney/city-kit-suburban/building-type-m	0.4190
kenney/city-kit-suburban/building-type-n	0.3394
kenney/city-kit-suburban/building-type-o	0.6401
kenney/city-kit-suburban/building-type-p	0.6250
kenney/city-kit-suburban/building-type-q	0.5145
kenney/city-kit-suburban/building-type-r	0.5869
kenney/city-kit-suburban/building-type-s	0.4780
kenney/city-kit-suburban/building-type-t	0.6466
kenney/city-kit-suburban/building-type-u	0.5205
kenney/city-kit-suburban/driveway-long	0.2548
kenney/city-kit-suburban/driveway-short	0.1640
kenney/city-kit-suburban/fence-1x2	0.2251
kenney/city-kit-suburban/fence-1x3	0.1400
kenney/city-kit-suburban/fence-1x4	0.1003
kenney/city-kit-suburban/fence-2x2	0.3048
kenney/city-kit-suburban/fence-2x3	0.1875
kenney/city-kit-suburban/fence-3x2	0.2145
kenney/city-kit-suburban/fence-3x3	0.2181
kenney/city-kit-suburban/fence-low	0.0686
kenney/city-kit-suburban/fence	0.3042
kenney/city-kit-suburban/path-long	0.1423
kenney/city-kit-suburban/path-short	0.2894
kenney/city-kit-suburban/path-stones-long	0.0995
kenney/city-kit-suburban/path-stones-messy	0.0963
kenney/city-kit-suburban/path-stones-short	0.2025
kenney/city-kit-suburban/planter	0.3493
kenney/city-kit-suburban/tree-large	0.1029
kenney/city-kit-suburban/tree-small	0.1654
kenney/coaster-kit/bench	0.2730
kenney/coaster-kit/coaster-flume-cap-back	0.0873
kenney/coaster-kit/coaster-flume-cap-front	0.0873
kenney/coaster-kit/coaster-flume-corner-large-ramp	0.0683
kenney/coaster-kit/coaster-flume-corner-large	0.0904
kenney/coaster-kit/coaster-flume-corner-small-ramp	0.0801
kenney/coaster-kit/coaster-flume-corner-small	0.1530
kenney/coaster-kit/coaster-flume-curve	0.0777
kenney/coaster-kit/coaster-flume-looping	0.2638
kenney/coaster-kit/coaster-flume-segment	0.1425
kenney/coaster-kit/coaster-flume-straight-bend-large	0.1050
kenney/coaster-kit/coaster-flume-straight-bend	0.2014
kenney/coaster-kit/coaster-flume-straight-bump-down	0.0850
kenney/coaster-kit/coaster-flume-straight-bump-up	0.0863
kenney/coaster-kit/coaster-flume-straight-hill-beginning	0.0652
kenney/coaster-kit/coaster-flume-straight-hill-complete-half	0.0723
kenney/coaster-kit/coaster-flume-straight-hill-complete	0.0639
kenney/coaster-kit/coaster-flume-straight-hill-end	0.0624
kenney/coaster-kit/coaster-flume-straight-skew-left-side	0.0725
kenney/coaster-kit/coaster-flume-straight-skew-left	0.0687
kenney/coaster-kit/coaster-flume-straight-skew-right-side	0.0938
kenney/coaster-kit/coaster-flume-straight-skew-right	0.0901
kenney/coaster-kit/coaster-flume-straight	0.0830
kenney/coaster-kit/coaster-flume-track	0.3880
kenney/coaster-kit/coaster-hanging-cap-back	0.0585
kenney/coaster-kit/coaster-hanging-cap-front	0.0585
kenney/coaster-kit/coaster-hanging-corner-large-ramp	0.0453
kenney/coaster-kit/coaster-hanging-corner-large	0.0567
kenney/coaster-kit/coaster-hanging-corner-small-ramp	0.0607
kenney/coaster-kit/coaster-hanging-corner-small	0.0996
kenney/coaster-kit/coaster-hanging-curve	0.0464
kenney/coaster-kit/coaster-hanging-looping	0.1677
kenney/coaster-kit/coaster-hanging-segment	0.1596
kenney/coaster-kit/coaster-hanging-straight-bend-large	0.0704
kenney/coaster-kit/coaster-hanging-straight-bend	0.1367
kenney/coaster-kit/coaster-hanging-straight-bump-down	0.0519
kenney/coaster-kit/coaster-hanging-straight-bump-up	0.0516
kenney/coaster-kit/coaster-hanging-straight-hill-beginning	0.0450
kenney/coaster-kit/coaster-hanging-straight-hill-complete-half	0.0463
kenney/coaster-kit/coaster-hanging-straight-hill-complete	0.0452
kenney/coaster-kit/coaster-hanging-straight-hill-end	0.0405
kenney/coaster-kit/coaster-hanging-straight-skew-left-side	0.0518
kenney/coaster-kit/coaster-hanging-straight-skew-left	0.0495
kenney/coaster-kit/coaster-hanging-straight-skew-right-side	0.0539
kenney/coaster-kit/coaster-hanging-straight-skew-right	0.0523
kenney/coaster-kit/coaster-hanging-straight	0.0491
kenney/coaster-kit/coaster-hanging-track	0.2154
kenney/coaster-kit/coaster-monorail-cap-back	0.4402
kenney/coaster-kit/coaster-monorail-cap-front	0.4402
kenney/coaster-kit/coaster-monorail-corner-large-ramp	0.0312
kenney/coaster-kit/coaster-monorail-corner-large	0.0375
kenney/coaster-kit/coaster-monorail-corner-small-ramp	0.0412
kenney/coaster-kit/coaster-monorail-corner-small	0.0727
kenney/coaster-kit/coaster-monorail-curve	0.0248
kenney/coaster-kit/coaster-monorail-looping	0.1077
kenney/coaster-kit/coaster-monorail-segment	0.5295
kenney/coaster-kit/coaster-monorail-straight-bend-large	0.0445
kenney/coaster-kit/coaster-monorail-straight-bend	0.0891
kenney/coaster-kit/coaster-monorail-straight-bump-down	0.0334
kenney/coaster-kit/coaster-monorail-straight-bump-up	0.0332
kenney/coaster-kit/coaster-monorail-straight-hill-beginning	0.0283
kenney/coaster-kit/coaster-monorail-straight-hill-complete-half	0.0298
kenney/coaster-kit/coaster-monorail-straight-hill-complete	0.0265
kenney/coaster-kit/coaster-monorail-straight-hill-end	0.0266
kenney/coaster-kit/coaster-monorail-straight-skew-left-side	0.0305
kenney/coaster-kit/coaster-monorail-straight-skew-left	0.0291
kenney/coaster-kit/coaster-monorail-straight-skew-right-side	0.0291
kenney/coaster-kit/coaster-monorail-straight-skew-right	0.0304
kenney/coaster-kit/coaster-monorail-straight	0.0327
kenney/coaster-kit/coaster-monorail-track	0.1429
kenney/coaster-kit/coaster-mouse-cap-back	0.0358
kenney/coaster-kit/coaster-mouse-cap-front	0.0358
kenney/coaster-kit/coaster-mouse-corner-large-ramp	0.0268
kenney/coaster-kit/coaster-mouse-corner-large	0.0332
kenney/coaster-kit/coaster-mouse-corner-small-ramp	0.0316
kenney/coaster-kit/coaster-mouse-corner-small	0.0625
kenney/coaster-kit/coaster-mouse-curve	0.0254
kenney/coaster-kit/coaster-mouse-looping	0.0940
kenney/coaster-kit/coaster-mouse-segment	0.1021
kenney/coaster-kit/coaster-mouse-straight-bend-large	0.0380
kenney/coaster-kit/coaster-mouse-straight-bend	0.0772
kenney/coaster-kit/coaster-mouse-straight-bump-down	0.0280
kenney/coaster-kit/coaster-mouse-straight-bump-up	0.0284
kenney/coaster-kit/coaster-mouse-straight-hill-beginning	0.0236
kenney/coaster-kit/coaster-mouse-straight-hill-complete-half	0.0259
kenney/coaster-kit/coaster-mouse-straight-hill-complete	0.0228
kenney/coaster-kit/coaster-mouse-straight-hill-end	0.0230
kenney/coaster-kit/coaster-mouse-straight-skew-left-side	0.0242
kenney/coaster-kit/coaster-mouse-straight-skew-left	0.0222
kenney/coaster-kit/coaster-mouse-straight-skew-right-side	0.0294
kenney/coaster-kit/coaster-mouse-straight-skew-right	0.0291
kenney/coaster-kit/coaster-mouse-straight	0.0284
kenney/coaster-kit/coaster-mouse-track	0.1065
kenney/coaster-kit/coaster-steel-cap-back	0.0409
kenney/coaster-kit/coaster-steel-cap-front	0.0409
kenney/coaster-kit/coaster-steel-corner-large-ramp	0.0413
kenney/coaster-kit/coaster-steel-corner-large	0.0530
kenney/coaster-kit/coaster-steel-corner-small-ramp	0.0514
kenney/coaster-kit/coaster-steel-corner-small	0.1018
kenney/coaster-kit/coaster-steel-curve	0.0482
kenney/coaster-kit/coaster-steel-looping	0.1540
kenney/coaster-kit/coaster-steel-segment	0.1420
kenney/coaster-kit/coaster-steel-straight-bend-large	0.0610
kenney/coaster-kit/coaster-steel-straight-bend	0.1221
kenney/coaster-kit/coaster-steel-straight-bump-down	0.0477
kenney/coaster-kit/coaster-steel-straight-bump-up	0.0479
kenney/coaster-kit/coaster-steel-straight-hill-beginning	0.0379
kenney/coaster-kit/coaster-steel-straight-hill-complete-half	0.0401
kenney/coaster-kit/coaster-steel-straight-hill-complete	0.0386
kenney/coaster-kit/coaster-steel-straight-hill-end	0.0367
kenney/coaster-kit/coaster-steel-straight-skew-left-side	0.0444
kenney/coaster-kit/coaster-steel-straight-skew-left	0.0423
kenney/coaster-kit/coaster-steel-straight-skew-right-side	0.0546
kenney/coaster-kit/coaster-steel-straight-skew-right	0.0530
kenney/coaster-kit/coaster-steel-straight	0.0435
kenney/coaster-kit/coaster-steel-track	0.1652
kenney/coaster-kit/coaster-train-front	0.2790
kenney/coaster-kit/coaster-train-hanging	0.3916
kenney/coaster-kit/coaster-train-safety	0.3376
kenney/coaster-kit/coaster-train-wooden	0.3542
kenney/coaster-kit/coaster-train	0.3542
kenney/coaster-kit/coaster-wood-corner-large-ramp	0.0626
kenney/coaster-kit/coaster-wood-corner-large	0.0823
kenney/coaster-kit/coaster-wood-corner-small-ramp	0.0700
kenney/coaster-kit/coaster-wood-corner-small	0.1550
kenney/coaster-kit/coaster-wood-curve	0.0779
kenney/coaster-kit/coaster-wood-looping	0.2283
kenney/coaster-kit/coaster-wood-segment	0.1091
kenney/coaster-kit/coaster-wood-straight-bend-large	0.0947
kenney/coaster-kit/coaster-wood-straight-bend	0.2033
kenney/coaster-kit/coaster-wood-straight-bump-down	0.0773
kenney/coaster-kit/coaster-wood-straight-bump-up	0.0769
kenney/coaster-kit/coaster-wood-straight-hill-beginning	0.0615
kenney/coaster-kit/coaster-wood-straight-hill-complete-half	0.0683
kenney/coaster-kit/coaster-wood-straight-hill-complete	0.0577
kenney/coaster-kit/coaster-wood-straight-hill-end	0.0556
kenney/coaster-kit/coaster-wood-straight-skew-left-side	0.0639
kenney/coaster-kit/coaster-wood-straight-skew-left	0.0583
kenney/coaster-kit/coaster-wood-straight-skew-right-side	0.0927
kenney/coaster-kit/coaster-wood-straight-skew-right	0.0897
kenney/coaster-kit/coaster-wood-straight	0.0789
kenney/coaster-kit/coaster-wood-track	0.2330
kenney/coaster-kit/flowers	0.1634
kenney/coaster-kit/grass	0.2932
kenney/coaster-kit/park-entrance	0.3446
kenney/coaster-kit/path-corner	0.4406
kenney/coaster-kit/path-crossing	0.3830
kenney/coaster-kit/path-exit	0.5848
kenney/coaster-kit/path-split	0.4014
kenney/coaster-kit/path-steps	0.2648
kenney/coaster-kit/path-straight	0.4064
kenney/coaster-kit/queue-corner	0.4606
kenney/coaster-kit/queue-crossing	0.4041
kenney/coaster-kit/queue-entrance	0.6018
kenney/coaster-kit/queue-split	0.4223
kenney/coaster-kit/queue-steps	0.2864
kenney/coaster-kit/queue-straight	0.4363
kenney/coaster-kit/ride-entrance	0.5403
kenney/coaster-kit/ride-exit	0.6748
kenney/coaster-kit/stall-drinks	0.3443
kenney/coaster-kit/stall-food	0.5326
kenney/coaster-kit/stall-information	0.4991
kenney/coaster-kit/stall-toilets	0.6285
kenney/coaster-kit/station-fence	0.2581
kenney/coaster-kit/station-gate	0.2708
kenney/coaster-kit/station	0.2056
kenney/coaster-kit/support-large-bottom	0.3749
kenney/coaster-kit/support-large-horizontal-ring	0.1633
kenney/coaster-kit/support-large-horizontal	0.1566
kenney/coaster-kit/support-large-skew-bottom	0.3899
kenney/coaster-kit/support-large-skew	0.2906
kenney/coaster-kit/support-large	0.2738
kenney/coaster-kit/support-small-bottom	0.2887
kenney/coaster-kit/support-small-horizontal-ring	0.1165
kenney/coaster-kit/support-small-horizontal	0.1121
kenney/coaster-kit/support-small-skew-bottom	0.2987
kenney/coaster-kit/support-small-skew	0.2120
kenney/coaster-kit/support-small	0.2008
kenney/coaster-kit/train-log-flume	0.2170
kenney/coaster-kit/train-monorail	0.5403
kenney/coaster-kit/trash	0.6012
kenney/coaster-kit/tree-large	0.1664
kenney/coaster-kit/tree	0.3007
kenney/cube-pets/animal-beaver	0.4304
kenney/cube-pets/animal-bee	0.3873
kenney/cube-pets/animal-bunny	0.3569
kenney/cube-pets/animal-cat	0.4250
kenney/cube-pets/animal-caterpillar	0.4346
kenney/cube-pets/animal-chick	0.2700
kenney/cube-pets/animal-cow	0.5104
kenney/cube-pets/animal-crab	0.2697
kenney/cube-pets/animal-deer	0.3577
kenney/cube-pets/animal-dog	0.5251
kenney/cube-pets/animal-elephant	0.3968
kenney/cube-pets/animal-fish	0.3717
kenney/cube-pets/animal-fox	0.2757
kenney/cube-pets/animal-giraffe	0.4600
kenney/cube-pets/animal-hog	0.5861
kenney/cube-pets/animal-koala	0.3730
kenney/cube-pets/animal-lion	0.4539
kenney/cube-pets/animal-monkey	0.3663
kenney/cube-pets/animal-panda	0.6434
kenney/cube-pets/animal-parrot	0.2977
kenney/cube-pets/animal-penguin	0.2758
kenney/cube-pets/animal-pig	0.5267
kenney/cube-pets/animal-polar	0.5830
kenney/cube-pets/animal-tiger	0.3916
kenney/factory-kit/arrow-basic-rounded	0.2163
kenney/factory-kit/arrow-basic	0.1888
kenney/factory-kit/arrow-rounded	0.2932
kenney/factory-kit/arrow	0.2797
kenney/factory-kit/box-large	0.5345
kenney/factory-kit/box-long	0.3663
kenney/factory-kit/box-small	0.7420
kenney/factory-kit/box-wide	0.4035
kenney/factory-kit/button-floor-round-small	0.3862
kenney/factory-kit/button-floor-round	0.4161
kenney/factory-kit/button-floor-square-small	0.4217
kenney/factory-kit/button-floor-square	0.3470
kenney/factory-kit/catwalk-corner	0.3091
kenney/factory-kit/catwalk-cross	0.3375
kenney/factory-kit/catwalk-junction	0.3032
kenney/factory-kit/catwalk-stairs-loop	0.3842
kenney/factory-kit/catwalk-stairs	0.2879
kenney/factory-kit/catwalk-straight	0.2965
kenney/factory-kit/cog-a	0.3221
kenney/factory-kit/cog-b	0.3161
kenney/factory-kit/cog-c	0.3473
kenney/factory-kit/cog-d	0.3216
kenney/factory-kit/cog-e	0.3068
kenney/factory-kit/cone	0.5429
kenney/factory-kit/conveyor-bars-fence-slope	0.4661
kenney/factory-kit/conveyor-bars-fence	0.5213
kenney/factory-kit/conveyor-bars-high-slope	0.4003
kenney/factory-kit/conveyor-bars-high	0.5109
kenney/factory-kit/conveyor-bars-sides	0.4295
kenney/factory-kit/conveyor-bars-stripe-fence-slope	0.4661
kenney/factory-kit/conveyor-bars-stripe-fence	0.5213
kenney/factory-kit/conveyor-bars-stripe-high-slope	0.4003
kenney/factory-kit/conveyor-bars-stripe-high	0.5109
kenney/factory-kit/conveyor-bars-stripe-side	0.4294
kenney/factory-kit/conveyor-bars-stripe	0.4207
kenney/factory-kit/conveyor-bars	0.4207
kenney/factory-kit/conveyor-corner	0.5110
kenney/factory-kit/conveyor-cross	0.4969
kenney/factory-kit/conveyor-junction-t	0.5162
kenney/factory-kit/conveyor-long-part-end	0.3519
kenney/factory-kit/conveyor-long-part-middle	0.3671
kenney/factory-kit/conveyor-long-sides-part-end	0.3328
kenney/factory-kit/conveyor-long-sides-part-middle	0.3452
kenney/factory-kit/conveyor-long-sides	0.2478
kenney/factory-kit/conveyor-long-stripe-sides-part-end	0.3328
kenney/factory-kit/conveyor-long-stripe-sides-part-middle	0.3452
kenney/factory-kit/conveyor-long-stripe-sides	0.2478
kenney/factory-kit/conveyor-long-stripe	0.2624
kenney/factory-kit/conveyor-long	0.2624
kenney/factory-kit/conveyor-sides-cross	0.4969
kenney/factory-kit/conveyor-sides-junction-t	0.4923
kenney/factory-kit/conveyor-sides	0.5146
kenney/factory-kit/conveyor-stripe-corner	0.5110
kenney/factory-kit/conveyor-stripe-cross	0.4969
kenney/factory-kit/conveyor-stripe-junction-t	0.5162
kenney/factory-kit/conveyor-stripe-part-end	0.3505
kenney/factory-kit/conveyor-stripe-part-middle	0.3671
kenney/factory-kit/conveyor-stripe-sides-cross	0.4969
kenney/factory-kit/conveyor-stripe-sides-junction-t	0.4923
kenney/factory-kit/conveyor-stripe-sides	0.5146
kenney/factory-kit/conveyor-stripe	0.5355
kenney/factory-kit/conveyor	0.5355
kenney/factory-kit/crane-lift	0.0944
kenney/factory-kit/crane-magnet	0.3601
kenney/factory-kit/crane	0.1938
kenney/factory-kit/door-wide-closed	0.4496
kenney/factory-kit/door-wide-half	0.3013
kenney/factory-kit/door-wide-open	0.1721
kenney/factory-kit/door	0.3167
kenney/factory-kit/floor-large	0.2691
kenney/factory-kit/floor	0.2691
kenney/factory-kit/hopper-high-round	0.3680
kenney/factory-kit/hopper-high-square	0.5091
kenney/factory-kit/hopper-round	0.5404
kenney/factory-kit/hopper-square	0.7244
kenney/factory-kit/indicator-special-area	0.1434
kenney/factory-kit/indicator-special-arrow	0.1133
kenney/factory-kit/indicator-special-cross	0.1554
kenney/factory-kit/indicator-special-lines	0.1355
kenney/factory-kit/lever-double	0.4388
kenney/factory-kit/lever-single	0.3704
kenney/factory-kit/machine-bed	0.4889
kenney/factory-kit/machine-connection-hole	0.6658
kenney/factory-kit/machine-connection-pipe	0.5686
kenney/factory-kit/machine-fortified	0.6011
kenney/factory-kit/machine-window-bar	0.6658
kenney/factory-kit/machine-window	0.6658
kenney/factory-kit/machine	0.6386
kenney/factory-kit/oopi	0.4820
kenney/factory-kit/pipe-glass-large-bend	0.3511
kenney/factory-kit/pipe-glass-large-bump	0.7196
kenney/factory-kit/pipe-glass-large-cross	0.4845
kenney/factory-kit/pipe-glass-large-curve	0.3486
kenney/factory-kit/pipe-glass-large-junction	0.4200
kenney/factory-kit/pipe-glass-large-long	0.2904
kenney/factory-kit/pipe-glass-large-side	0.3874
kenney/factory-kit/pipe-glass-large-valve	0.7107
kenney/factory-kit/pipe-glass-large	0.6928
kenney/factory-kit/pipe-large-bend	0.3511
kenney/factory-kit/pipe-large-bump	0.7196
kenney/factory-kit/pipe-large-cross	0.4845
kenney/factory-kit/pipe-large-curve	0.3486
kenney/factory-kit/pipe-large-junction	0.4200
kenney/factory-kit/pipe-large-long	0.2904
kenney/factory-kit/pipe-large-side	0.3874
kenney/factory-kit/pipe-large-valve	0.7107
kenney/factory-kit/pipe-large	0.6928
kenney/factory-kit/piston-round	0.7586
kenney/factory-kit/piston-square	0.9350
kenney/factory-kit/piston-thin-round	0.3375
kenney/factory-kit/piston-thin-square	0.4396
kenney/factory-kit/robot-arm-a	0.1143
kenney/factory-kit/robot-arm-b	0.1205
kenney/factory-kit/scanner-high	0.2512
kenney/factory-kit/scanner-low	0.2876
kenney/factory-kit/screen-flat	0.2325
kenney/factory-kit/screen-hanging-small	0.6248
kenney/factory-kit/screen-hanging-wide	0.5358
kenney/factory-kit/screen-panel-flat	0.2330
kenney/factory-kit/screen-panel-small	0.3927
kenney/factory-kit/screen-panel-wide	0.4240
kenney/factory-kit/screen-small	0.3926
kenney/factory-kit/screen-wide	0.4236
kenney/factory-kit/structure-corner-inner	0.2668
kenney/factory-kit/structure-corner-outer	0.2449
kenney/factory-kit/structure-doorway-wide	0.4561
kenney/factory-kit/structure-doorway	0.2913
kenney/factory-kit/structure-high	0.1958
kenney/factory-kit/structure-medium	0.2507
kenney/factory-kit/structure-short	0.1526
kenney/factory-kit/structure-tall	0.1380
kenney/factory-kit/structure-wall	0.1865
kenney/factory-kit/structure-window-wide	0.3548
kenney/factory-kit/structure-window	0.1865
kenney/factory-kit/structure-yellow-high	0.2170
kenney/factory-kit/structure-yellow-medium	0.2938
kenney/factory-kit/structure-yellow-short	0.1526
kenney/factory-kit/structure-yellow-tall	0.1509
kenney/factory-kit/top-large-checkerboard	0.2690
kenney/factory-kit/top-large	0.2691
kenney/factory-kit/top	0.2691
kenney/factory-kit/warning-orange	0.1129
kenney/factory-kit/warning-traffic	0.1034
kenney/fantasy-town-kit/balcony-wall-fence	0.2865
kenney/fantasy-town-kit/balcony-wall	0.2081
kenney/fantasy-town-kit/banner-green	0.1638
kenney/fantasy-town-kit/banner-red	0.1600
kenney/fantasy-town-kit/blade	0.0723
kenney/fantasy-town-kit/cart-high	0.2638
kenney/fantasy-town-kit/cart	0.2288
kenney/fantasy-town-kit/chimney-base	0.2828
kenney/fantasy-town-kit/chimney-top	0.3536
kenney/fantasy-town-kit/chimney	0.1979
kenney/fantasy-town-kit/fence-broken	0.1029
kenney/fantasy-town-kit/fence-curved	0.1594
kenney/fantasy-town-kit/fence-gate	0.1513
kenney/fantasy-town-kit/fence	0.1099
kenney/fantasy-town-kit/fountain-center	0.3720
kenney/fantasy-town-kit/fountain-corner-inner-square	0.3931
kenney/fantasy-town-kit/fountain-corner-inner	0.3903
kenney/fantasy-town-kit/fountain-corner	0.4322
kenney/fantasy-town-kit/fountain-curved	0.3282
kenney/fantasy-town-kit/fountain-edge	0.3866
kenney/fantasy-town-kit/fountain-round-detail	0.2879
kenney/fantasy-town-kit/fountain-round	0.2879
kenney/fantasy-town-kit/fountain-square-detail	0.3777
kenney/fantasy-town-kit/fountain-square	0.3776
kenney/fantasy-town-kit/hedge-curved	0.2471
kenney/fantasy-town-kit/hedge-gate	0.1073
kenney/fantasy-town-kit/hedge-large-curved	0.5503
kenney/fantasy-town-kit/hedge-large-gate	0.3293
kenney/fantasy-town-kit/hedge-large	0.3834
kenney/fantasy-town-kit/hedge	0.1487
kenney/fantasy-town-kit/lantern	0.0565
kenney/fantasy-town-kit/overhang	0.1213
kenney/fantasy-town-kit/pillar-stone	0.1038
kenney/fantasy-town-kit/pillar-wood	0.0950
kenney/fantasy-town-kit/planks-half	0.1571
kenney/fantasy-town-kit/planks-opening	0.2307
kenney/fantasy-town-kit/planks	0.2944
kenney/fantasy-town-kit/poles-horizontal	0.2555
kenney/fantasy-town-kit/poles	0.1717
kenney/fantasy-town-kit/road-bend	0.2769
kenney/fantasy-town-kit/road-corner-inner	0.3065
kenney/fantasy-town-kit/road-corner	0.2995
kenney/fantasy-town-kit/road-curb-end	0.2990
kenney/fantasy-town-kit/road-curb	0.3065
kenney/fantasy-town-kit/road-edge-slope	0.3275
kenney/fantasy-town-kit/road-edge	0.3021
kenney/fantasy-town-kit/road-slope	0.3134
kenney/fantasy-town-kit/road	0.2880
kenney/fantasy-town-kit/rock-large	0.3555
kenney/fantasy-town-kit/rock-small	0.3323
kenney/fantasy-town-kit/rock-wide	0.3263
kenney/fantasy-town-kit/roof-corner-inner	0.7383
kenney/fantasy-town-kit/roof-corner-round	0.4707
kenney/fantasy-town-kit/roof-corner	0.5063
kenney/fantasy-town-kit/roof-flat	0.3494
kenney/fantasy-town-kit/roof-gable-detail	0.4098
kenney/fantasy-town-kit/roof-gable-end	0.4415
kenney/fantasy-town-kit/roof-gable-top	0.4004
kenney/fantasy-town-kit/roof-gable	0.4551
kenney/fantasy-town-kit/roof-high-corner-round	0.5602
kenney/fantasy-town-kit/roof-high-corner	0.5749
kenney/fantasy-town-kit/roof-high-cornerinner	0.9276
kenney/fantasy-town-kit/roof-high-flat	0.3464
kenney/fantasy-town-kit/roof-high-gable-detail	0.6092
kenney/fantasy-town-kit/roof-high-gable-end	0.6592
kenney/fantasy-town-kit/roof-high-gable-top	0.5665
kenney/fantasy-town-kit/roof-high-gable	0.7233
kenney/fantasy-town-kit/roof-high-left	0.6392
kenney/fantasy-town-kit/roof-high-point	0.5978
kenney/fantasy-town-kit/roof-high-right	0.6151
kenney/fantasy-town-kit/roof-high-window	0.7196
kenney/fantasy-town-kit/roof-high	0.6924
kenney/fantasy-town-kit/roof-left	0.5264
kenney/fantasy-town-kit/roof-point	0.3789
kenney/fantasy-town-kit/roof-right	0.5035
kenney/fantasy-town-kit/roof-window	0.5631
kenney/fantasy-town-kit/roof	0.5573
kenney/fantasy-town-kit/stairs-full-corner-inner	0.6188
kenney/fantasy-town-kit/stairs-full-corner-outer	0.5024
kenney/fantasy-town-kit/stairs-full	0.5973
kenney/fantasy-town-kit/stairs-stone-corner	0.6195
kenney/fantasy-town-kit/stairs-stone-handrail	0.2400
kenney/fantasy-town-kit/stairs-stone-round	0.2926
kenney/fantasy-town-kit/stairs-stone	0.3654
kenney/fantasy-town-kit/stairs-wide-stone-handrail	0.3845
kenney/fantasy-town-kit/stairs-wide-stone	0.6263
kenney/fantasy-town-kit/stairs-wide-wood-handrail	0.3262
kenney/fantasy-town-kit/stairs-wide-wood	0.5014
kenney/fantasy-town-kit/stairs-wood-handrail	0.2122
kenney/fantasy-town-kit/stairs-wood	0.3054
kenney/fantasy-town-kit/stall-bench	0.1468
kenney/fantasy-town-kit/stall-green	0.4214
kenney/fantasy-town-kit/stall-red	0.4168
kenney/fantasy-town-kit/stall-stool	0.7640
kenney/fantasy-town-kit/stall	0.2801
kenney/fantasy-town-kit/tree-crooked	0.1235
kenney/fantasy-town-kit/tree-high-crooked	0.0902
kenney/fantasy-town-kit/tree-high-round	0.1320
kenney/fantasy-town-kit/tree-high	0.0905
kenney/fantasy-town-kit/tree	0.1234
kenney/fantasy-town-kit/wall-arch-top-detail	0.2919
kenney/fantasy-town-kit/wall-arch-top	0.2835
kenney/fantasy-town-kit/wall-arch	0.1664
kenney/fantasy-town-kit/wall-block-half	0.6230
kenney/fantasy-town-kit/wall-block	0.9473
kenney/fantasy-town-kit/wall-broken	0.2439
kenney/fantasy-town-kit/wall-corner-detail	0.1118
kenney/fantasy-town-kit/wall-corner-diagonal-half	0.2284
kenney/fantasy-town-kit/wall-corner-diagonal	0.3881
kenney/fantasy-town-kit/wall-corner-edge	0.3306
kenney/fantasy-town-kit/wall-corner	0.5672
kenney/fantasy-town-kit/wall-curved	0.3487
kenney/fantasy-town-kit/wall-detail-cross	0.4178
kenney/fantasy-town-kit/wall-detail-diagonal	0.4174
kenney/fantasy-town-kit/wall-detail-horizontal	0.4196
kenney/fantasy-town-kit/wall-diagonal	0.2320
kenney/fantasy-town-kit/wall-door	0.4185
kenney/fantasy-town-kit/wall-doorway-base	0.3209
kenney/fantasy-town-kit/wall-doorway-round	0.3579
kenney/fantasy-town-kit/wall-doorway-square-wide-curved	0.2323
kenney/fantasy-town-kit/wall-doorway-square-wide	0.2323
kenney/fantasy-town-kit/wall-doorway-square	0.3491
kenney/fantasy-town-kit/wall-half	0.2179
kenney/fantasy-town-kit/wall-rounded	0.4703
kenney/fantasy-town-kit/wall-side	0.1314
kenney/fantasy-town-kit/wall-slope	0.3125
kenney/fantasy-town-kit/wall-window-glass	0.4170
kenney/fantasy-town-kit/wall-window-round	0.4170
kenney/fantasy-town-kit/wall-window-shutters	0.4122
kenney/fantasy-town-kit/wall-window-small	0.4170
kenney/fantasy-town-kit/wall-window-stone	0.4170
kenney/fantasy-town-kit/wall-wood-arch-top-detail	0.2919
kenney/fantasy-town-kit/wall-wood-arch-top	0.2835
kenney/fantasy-town-kit/wall-wood-arch	0.1664
kenney/fantasy-town-kit/wall-wood-block-half	0.6230
kenney/fantasy-town-kit/wall-wood-block	0.9473
kenney/fantasy-town-kit/wall-wood-broken	0.2507
kenney/fantasy-town-kit/wall-wood-corner-diagonal-half	0.2284
kenney/fantasy-town-kit/wall-wood-corner-diagonal	0.3881
kenney/fantasy-town-kit/wall-wood-corner-edge	0.3306
kenney/fantasy-town-kit/wall-wood-corner	0.5672
kenney/fantasy-town-kit/wall-wood-curved	0.3487
kenney/fantasy-town-kit/wall-wood-detail-cross	0.4178
kenney/fantasy-town-kit/wall-wood-detail-diagonal	0.4174
kenney/fantasy-town-kit/wall-wood-detail-horizontal	0.4196
kenney/fantasy-town-kit/wall-wood-diagonal	0.2320
kenney/fantasy-town-kit/wall-wood-door	0.4140
kenney/fantasy-town-kit/wall-wood-doorway-base	0.3209
kenney/fantasy-town-kit/wall-wood-doorway-round	0.3579
kenney/fantasy-town-kit/wall-wood-doorway-square-wide-curved	0.2323
kenney/fantasy-town-kit/wall-wood-doorway-square-wide	0.2323
kenney/fantasy-town-kit/wall-wood-doorway-square	0.3491
kenney/fantasy-town-kit/wall-wood-half	0.2179
kenney/fantasy-town-kit/wall-wood-rounded	0.4703
kenney/fantasy-town-kit/wall-wood-side	0.1314
kenney/fantasy-town-kit/wall-wood-slope	0.2916
kenney/fantasy-town-kit/wall-wood-window-glass	0.4126
kenney/fantasy-town-kit/wall-wood-window-round	0.4170
kenney/fantasy-town-kit/wall-wood-window-shutters	0.4139
kenney/fantasy-town-kit/wall-wood-window-small	0.4142
kenney/fantasy-town-kit/wall-wood-window-stone	0.4170
kenney/fantasy-town-kit/wall-wood	0.4170
kenney/fantasy-town-kit/wall	0.4170
kenney/fantasy-town-kit/watermill-wide	0.4535
kenney/fantasy-town-kit/watermill	0.3959
kenney/fantasy-town-kit/wheel	0.3870
kenney/fantasy-town-kit/windmill	0.1077
kenney/food-kit/advocado-half	0.3575
kenney/food-kit/apple-half	0.3560
kenney/food-kit/apple	0.4978
kenney/food-kit/avocado	0.4679
kenney/food-kit/bacon-raw	0.0674
kenney/food-kit/bacon	0.0674
kenney/food-kit/bag-flat	0.2399
kenney/food-kit/bag	0.4125
kenney/food-kit/banana	0.0739
kenney/food-kit/barrel	0.6714
kenney/food-kit/beet	0.1251
kenney/food-kit/bottle-ketchup	0.2319
kenney/food-kit/bottle-musterd	0.2319
kenney/food-kit/bottle-oil	0.1661
kenney/food-kit/bowl-broth	0.3204
kenney/food-kit/bowl-cereal	0.2825
kenney/food-kit/bowl-soup	0.3198
kenney/food-kit/bowl	0.3198
kenney/food-kit/bread	0.2366
kenney/food-kit/broccoli	0.4104
kenney/food-kit/burger-cheese-double	0.6080
kenney/food-kit/burger-cheese	0.4487
kenney/food-kit/burger-double	0.5915
kenney/food-kit/burger	0.4916
kenney/food-kit/cabbage	0.3666
kenney/food-kit/cake-birthday	0.4202
kenney/food-kit/cake-slicer	0.0362
kenney/food-kit/cake	0.4077
kenney/food-kit/can-open	0.5138
kenney/food-kit/can-small	0.4785
kenney/food-kit/can	0.7292
kenney/food-kit/candy-bar-wrapper	0.1889
kenney/food-kit/candy-bar	0.1689
kenney/food-kit/carrot	0.0860
kenney/food-kit/carton-small	0.4762
kenney/food-kit/carton	0.3237
kenney/food-kit/cauliflower	0.3678
kenney/food-kit/celery-stick	0.0724
kenney/food-kit/cheese-cut	0.2098
kenney/food-kit/cheese-slicer	0.0413
kenney/food-kit/cheese	0.3773
kenney/food-kit/cherries	0.2641
kenney/food-kit/chinese	0.3457
kenney/food-kit/chocolate-wrapper	0.2285
kenney/food-kit/chocolate	0.1855
kenney/food-kit/chopstic-decorative	0.0215
kenney/food-kit/chopstick	0.0215
kenney/food-kit/cocktail	0.1551
kenney/food-kit/coconut-half	0.3792
kenney/food-kit/coconut	0.5651
kenney/food-kit/cookie-chocolate	0.3992
kenney/food-kit/cookie	0.2397
kenney/food-kit/cooking-fork	0.0213
kenney/food-kit/cooking-knife-chopping	0.0843
kenney/food-kit/cooking-knife	0.0430
kenney/food-kit/cooking-spatula	0.0290
kenney/food-kit/cooking-spoon	0.0386
kenney/food-kit/corn-dog	0.0768
kenney/food-kit/corn	0.2406
kenney/food-kit/croissant	0.2305
kenney/food-kit/cup-coffee	0.3345
kenney/food-kit/cup-saucer	0.2398
kenney/food-kit/cup-tea	0.3925
kenney/food-kit/cup	0.3924
kenney/food-kit/cupcake	0.3437
kenney/food-kit/cutting-board-japanese	0.1916
kenney/food-kit/cutting-board-round	0.2504
kenney/food-kit/cutting-board	0.2416
kenney/food-kit/dim-sum	0.3491
kenney/food-kit/donut-chocolate	0.2966
kenney/food-kit/donut-sprinkles	0.2964
kenney/food-kit/donut	0.2966
kenney/food-kit/egg-cooked	0.1703
kenney/food-kit/egg-cup	0.4807
kenney/food-kit/egg-half	0.5381
kenney/food-kit/egg	0.4801
kenney/food-kit/eggplant	0.2238
kenney/food-kit/fish-bones	0.0843
kenney/food-kit/fish	0.1250
kenney/food-kit/frappe	0.2230
kenney/food-kit/fries-empty	0.5789
kenney/food-kit/fries	0.3325
kenney/food-kit/frikandel-speciaal	0.1084
kenney/food-kit/frying-pan-lid	0.2127
kenney/food-kit/frying-pan	0.1123
kenney/food-kit/ginger-bread-cutter	0.1870
kenney/food-kit/ginger-bread	0.2019
kenney/food-kit/glass-wine	0.1611
kenney/food-kit/glass	0.4255
kenney/food-kit/grapes	0.2589
kenney/food-kit/honey	0.6375
kenney/food-kit/hot-dog-raw	0.1036
kenney/food-kit/hot-dog	0.1449
kenney/food-kit/ice-cream-cne	0.3093
kenney/food-kit/ice-cream-cup	0.5286
kenney/food-kit/ice-cream-scoop-chocolate	0.3747
kenney/food-kit/ice-cream-scoop-mint	0.3747
kenney/food-kit/ice-cream	0.2163
kenney/food-kit/knife-block	0.3479
kenney/food-kit/leek	0.0645
kenney/food-kit/lemon-half	0.3388
kenney/food-kit/lemon	0.3987
kenney/food-kit/loaf-baguette	0.2068
kenney/food-kit/loaf-round	0.2604
kenney/food-kit/loaf	0.5964
kenney/food-kit/lollypop	0.0964
kenney/food-kit/maki-roe	0.5060
kenney/food-kit/maki-salmon	0.4999
kenney/food-kit/maki-vegetable	0.4999
kenney/food-kit/meat-cooked	0.2308
kenney/food-kit/meat-patty	0.2487
kenney/food-kit/meat-raw	0.2308
kenney/food-kit/meat-ribs	0.1737
kenney/food-kit/meat-sausage	0.0961
kenney/food-kit/meat-tenderizer	0.1410
kenney/food-kit/mincemeat-pie	0.2794
kenney/food-kit/mortar-pestle	0.2035
kenney/food-kit/mortar	0.3304
kenney/food-kit/muffin	0.4136
kenney/food-kit/mug	0.5001
kenney/food-kit/mushroom-half	0.2988
kenney/food-kit/mushroom	0.4023
kenney/food-kit/mussel-open	0.2615
kenney/food-kit/mussel	0.1964
kenney/food-kit/onion-half	0.3223
kenney/food-kit/onion	0.4164
kenney/food-kit/orange	0.5000
kenney/food-kit/pan-stew	0.2210
kenney/food-kit/pan	0.2210
kenney/food-kit/pancakes	0.2101
kenney/food-kit/paprika-slice	0.2765
kenney/food-kit/paprika	0.4643
kenney/food-kit/peanut-butter	0.5815
kenney/food-kit/pear-half	0.2185
kenney/food-kit/pear	0.2926
kenney/food-kit/pepper-mill	0.1321
kenney/food-kit/pepper	0.0702
kenney/food-kit/pie	0.2473
kenney/food-kit/pineapple	0.1775
kenney/food-kit/pizza-box	0.6104
kenney/food-kit/pizza-cutter	0.0690
kenney/food-kit/pizza	0.2397
kenney/food-kit/plate-broken	0.2302
kenney/food-kit/plate-deep	0.2624
kenney/food-kit/plate-dinner	0.2313
kenney/food-kit/plate-rectangle	0.2605
kenney/food-kit/plate-sauerkraut	0.2302
kenney/food-kit/plate	0.2302
kenney/food-kit/popsicle-chocolate	0.1673
kenney/food-kit/popsicle-stick	0.0734
kenney/food-kit/popsicle	0.1560
kenney/food-kit/pot-lid	0.2312
kenney/food-kit/pot-stew-lid	0.2312
kenney/food-kit/pot-stew	0.3303
kenney/food-kit/pot	0.3303
kenney/food-kit/pudding	0.4959
kenney/food-kit/pumpkin-basic	0.3732
kenney/food-kit/pumpkin	0.4397
kenney/food-kit/radish	0.0943
kenney/food-kit/rice-ball	0.4964
kenney/food-kit/rollingPin	0.0876
kenney/food-kit/salad	0.3198
kenney/food-kit/sandwich	0.3704
kenney/food-kit/sausage-half	0.4442
kenney/food-kit/sausage	0.1911
kenney/food-kit/shaker-pepper	0.3690
kenney/food-kit/shaker-salt	0.3690
kenney/food-kit/skewer-vegetables	0.0667
kenney/food-kit/skewer	0.0606
kenney/food-kit/soda-bottle	0.1366
kenney/food-kit/soda-can-crushed	0.4658
kenney/food-kit/soda-can	0.4121
kenney/food-kit/soda-glass	0.3488
kenney/food-kit/soda	0.2725
kenney/food-kit/soy	0.2126
kenney/food-kit/steamer	0.7053
kenney/food-kit/strawberry	0.2925
kenney/food-kit/styrofoam-dinner	0.2191
kenney/food-kit/styrofoam	0.2191
kenney/food-kit/sub	0.2030
kenney/food-kit/sundae	0.1479
kenney/food-kit/sushi-egg	0.4011
kenney/food-kit/sushi-salmon	0.3036
kenney/food-kit/taco	0.3325
kenney/food-kit/tajine-lid	0.2687
kenney/food-kit/tajine	0.2405
kenney/food-kit/tomato-slice	0.2948
kenney/food-kit/tomato	0.4305
kenney/food-kit/turkey	0.2555
kenney/food-kit/utensil-fork	0.0260
kenney/food-kit/utensil-knife	0.0196
kenney/food-kit/utensil-spoon	0.0332
kenney/food-kit/waffle	0.3628
kenney/food-kit/watermelon	0.4914
kenney/food-kit/whipped-cream	0.3218
kenney/food-kit/whisk	0.0525
kenney/food-kit/whole-ham	0.2591
kenney/food-kit/wholer-ham	0.1555
kenney/food-kit/wine-red	0.1186
kenney/food-kit/wine-white	0.1364
kenney/furniture-kit/bathroomCabinet	0.4659
kenney/furniture-kit/bathroomCabinetDrawer	0.7329
kenney/furniture-kit/bathroomMirror	0.3835
kenney/furniture-kit/bathroomSink	0.3164
kenney/furniture-kit/bathroomSinkSquare	0.3220
kenney/furniture-kit/bathtub	0.3213
kenney/furniture-kit/bear	0.3596
kenney/furniture-kit/bedBunk	0.4747
kenney/furniture-kit/bedDouble	0.3677
kenney/furniture-kit/bedSingle	0.2524
kenney/furniture-kit/bench	0.3863
kenney/furniture-kit/benchCushion	0.3988
kenney/furniture-kit/benchCushionLow	0.3417
kenney/furniture-kit/bookcaseClosed	0.3486
kenney/furniture-kit/bookcaseClosedDoors	0.3486
kenney/furniture-kit/bookcaseClosedWide	0.6613
kenney/furniture-kit/bookcaseOpen	0.2481
kenney/furniture-kit/bookcaseOpenLow	0.5796
kenney/furniture-kit/books	0.5809
kenney/furniture-kit/cabinetBed	0.8533
kenney/furniture-kit/cabinetBedDrawer	0.8646
kenney/furniture-kit/cabinetBedDrawerTable	0.6893
kenney/furniture-kit/cabinetTelevision	0.2964
kenney/furniture-kit/cabinetTelevisionDoors	0.2982
kenney/furniture-kit/cardboardBoxClosed	0.6773
kenney/furniture-kit/cardboardBoxOpen	0.4450
kenney/furniture-kit/ceilingFan	0.0888
kenney/furniture-kit/chair	0.2683
kenney/furniture-kit/chairCushion	0.2780
kenney/furniture-kit/chairDesk	0.2468
kenney/furniture-kit/chairModernCushion	0.2579
kenney/furniture-kit/chairModernFrameCushion	0.2089
kenney/furniture-kit/chairRounded	0.2757
kenney/furniture-kit/coatRack	0.3551
kenney/furniture-kit/coatRackStanding	0.0737
kenney/furniture-kit/computerKeyboard	0.1377
kenney/furniture-kit/computerMouse	0.2060
kenney/furniture-kit/computerScreen	0.3623
kenney/furniture-kit/desk	0.4763
kenney/furniture-kit/deskCorner	0.4567
kenney/furniture-kit/doorway	0.2807
kenney/furniture-kit/doorwayFront	0.2807
kenney/furniture-kit/doorwayOpen	0.1007
kenney/furniture-kit/dryer	0.8214
kenney/furniture-kit/floorCorner	0.3340
kenney/furniture-kit/floorCornerRound	0.3370
kenney/furniture-kit/floorFull	0.3065
kenney/furniture-kit/floorHalf	0.1670
kenney/furniture-kit/hoodLarge	0.5086
kenney/furniture-kit/hoodModern	0.4703
kenney/furniture-kit/kitchenBar	0.7345
kenney/furniture-kit/kitchenBarEnd	0.2125
kenney/furniture-kit/kitchenBlender	0.3073
kenney/furniture-kit/kitchenCabinet	0.9236
kenney/furniture-kit/kitchenCabinetCornerInner	0.9217
kenney/furniture-kit/kitchenCabinetCornerRound	0.9067
kenney/furniture-kit/kitchenCabinetDrawer	0.9236
kenney/furniture-kit/kitchenCabinetUpper	0.7451
kenney/furniture-kit/kitchenCabinetUpperCorner	0.5470
kenney/furniture-kit/kitchenCabinetUpperDouble	0.7451
kenney/furniture-kit/kitchenCabinetUpperLow	0.4393
kenney/furniture-kit/kitchenCoffeeMachine	0.4308
kenney/furniture-kit/kitchenFridge	0.3729
kenney/furniture-kit/kitchenFridgeBuiltIn	0.4881
kenney/furniture-kit/kitchenFridgeLarge	0.4796
kenney/furniture-kit/kitchenFridgeSmall	0.5995
kenney/furniture-kit/kitchenMicrowave	0.6405
kenney/furniture-kit/kitchenSink	0.8404
kenney/furniture-kit/kitchenStove	0.9236
kenney/furniture-kit/kitchenStoveElectric	0.9236
kenney/furniture-kit/lampRoundFloor	0.0475
kenney/furniture-kit/lampRoundTable	0.2667
kenney/furniture-kit/lampSquareCeiling	0.4265
kenney/furniture-kit/lampSquareFloor	0.1153
kenney/furniture-kit/lampSquareTable	0.3013
kenney/furniture-kit/lampWall	0.3399
kenney/furniture-kit/laptop	0.3101
kenney/furniture-kit/loungeChair	0.6639
kenney/furniture-kit/loungeChairRelax	0.4315
kenney/furniture-kit/loungeDesignChair	0.3884
kenney/furniture-kit/loungeDesignSofa	0.2280
kenney/furniture-kit/loungeDesignSofaCorner	0.2552
kenney/furniture-kit/loungeSofa	0.2908
kenney/furniture-kit/loungeSofaCorner	0.3773
kenney/furniture-kit/loungeSofaLong	0.3383
kenney/furniture-kit/loungeSofaOttoman	0.5631
kenney/furniture-kit/paneling	0.4415
kenney/furniture-kit/pillow	0.4039
kenney/furniture-kit/pillowBlue	0.2288
kenney/furniture-kit/pillowBlueLong	0.1827
kenney/furniture-kit/pillowLong	0.2432
kenney/furniture-kit/plantSmall1	0.2981
kenney/furniture-kit/plantSmall2	0.3071
kenney/furniture-kit/plantSmall3	0.2805
kenney/furniture-kit/pottedPlant	0.1176
kenney/furniture-kit/radio	0.4524
kenney/furniture-kit/rugDoormat	0.1645
kenney/furniture-kit/rugRectangle	0.1648
kenney/furniture-kit/rugRound	0.2190
kenney/furniture-kit/rugRounded	0.1428
kenney/furniture-kit/rugSquare	0.2735
kenney/furniture-kit/shower	0.5122
kenney/furniture-kit/showerRound	0.4982
kenney/furniture-kit/sideTable	0.3239
kenney/furniture-kit/sideTableDrawers	0.3805
kenney/furniture-kit/speaker	0.2043
kenney/furniture-kit/speakerSmall	0.4728
kenney/furniture-kit/stairs	0.3396
kenney/furniture-kit/stairsCorner	0.3891
kenney/furniture-kit/stairsOpen	0.0902
kenney/furniture-kit/stairsOpenSingle	0.0843
kenney/furniture-kit/stoolBar	0.2441
kenney/furniture-kit/stoolBarSquare	0.2318
kenney/furniture-kit/table	0.2881
kenney/furniture-kit/tableCloth	0.3017
kenney/furniture-kit/tableCoffee	0.3117
kenney/furniture-kit/tableCoffeeGlass	0.3117
kenney/furniture-kit/tableCoffeeGlassSquare	0.5257
kenney/furniture-kit/tableCoffeeSquare	0.5257
kenney/furniture-kit/tableCross	0.2571
kenney/furniture-kit/tableCrossCloth	0.2579
kenney/furniture-kit/tableGlass	0.2881
kenney/furniture-kit/tableRound	0.2557
kenney/furniture-kit/televisionAntenna	0.0768
kenney/furniture-kit/televisionModern	0.3382
kenney/furniture-kit/televisionVintage	0.5754
kenney/furniture-kit/toaster	0.5585
kenney/furniture-kit/toilet	0.4003
kenney/furniture-kit/toiletSquare	0.4281
kenney/furniture-kit/trashcan	0.3039
kenney/furniture-kit/wall	0.4108
kenney/furniture-kit/wallCorner	0.2232
kenney/furniture-kit/wallCornerRond	0.2330
kenney/furniture-kit/wallDoorway	0.3050
kenney/furniture-kit/wallDoorwayWide	0.1782
kenney/furniture-kit/wallHalf	0.2100
kenney/furniture-kit/wallWindow	0.4107
kenney/furniture-kit/wallWindowSlide	0.4107
kenney/furniture-kit/washer	0.8212
kenney/furniture-kit/washerDryerStacked	0.3796
kenney/graveyard-kit/altar-stone	0.4338
kenney/graveyard-kit/altar-wood	0.5095
kenney/graveyard-kit/bench-damaged	0.2759
kenney/graveyard-kit/bench	0.3659
kenney/graveyard-kit/border-pillar	0.2079
kenney/graveyard-kit/brick-wall-curve-small	0.6389
kenney/graveyard-kit/brick-wall-curve	0.6220
kenney/graveyard-kit/brick-wall-end	0.5557
kenney/graveyard-kit/brick-wall	0.4970
kenney/graveyard-kit/candle-multiple	0.4338
kenney/graveyard-kit/candle	0.4504
kenney/graveyard-kit/character-ghost	0.3670
kenney/graveyard-kit/character-keeper	0.3159
kenney/graveyard-kit/character-skeleton	0.2963
kenney/graveyard-kit/character-vampire	0.3495
kenney/graveyard-kit/character-zombie	0.2963
kenney/graveyard-kit/coffin-old	0.2543
kenney/graveyard-kit/coffin	0.3034
kenney/graveyard-kit/column-large	0.1914
kenney/graveyard-kit/cross-column	0.1455
kenney/graveyard-kit/cross-wood	0.2047
kenney/graveyard-kit/cross	0.1744
kenney/graveyard-kit/crypt-a	0.3278
kenney/graveyard-kit/crypt-b	0.3289
kenney/graveyard-kit/crypt-door	0.2784
kenney/graveyard-kit/crypt-large-door	0.4671
kenney/graveyard-kit/crypt-large-roof	0.3538
kenney/graveyard-kit/crypt-large	0.4191
kenney/graveyard-kit/crypt-small-roof	0.4836
kenney/graveyard-kit/crypt-small	0.6845
kenney/graveyard-kit/crypt	0.4848
kenney/graveyard-kit/debris-wood	0.2472
kenney/graveyard-kit/debris	0.2526
kenney/graveyard-kit/detail-bowl	0.4620
kenney/graveyard-kit/detail-chalice	0.3653
kenney/graveyard-kit/detail-plate	0.2682
kenney/graveyard-kit/fence-damaged	0.2327
kenney/graveyard-kit/fence-gate	0.2370
kenney/graveyard-kit/fence	0.3268
kenney/graveyard-kit/fire-basket	0.2641
kenney/graveyard-kit/grave-border	0.1029
kenney/graveyard-kit/grave	0.1230
kenney/graveyard-kit/gravestone-bevel	0.4748
kenney/graveyard-kit/gravestone-broken	0.3971
kenney/graveyard-kit/gravestone-cross-large	0.2184
kenney/graveyard-kit/gravestone-cross	0.2071
kenney/graveyard-kit/gravestone-debris	0.3459
kenney/graveyard-kit/gravestone-decorative	0.4641
kenney/graveyard-kit/gravestone-roof	0.4408
kenney/graveyard-kit/gravestone-round	0.4529
kenney/graveyard-kit/gravestone-wide	0.3924
kenney/graveyard-kit/hay-bale-bundled	0.5389
kenney/graveyard-kit/hay-bale	0.5175
kenney/graveyard-kit/iron-fence-bar	0.0699
kenney/graveyard-kit/iron-fence-border-column	0.3659
kenney/graveyard-kit/iron-fence-border-curve	0.2659
kenney/graveyard-kit/iron-fence-border-gate	0.2454
kenney/graveyard-kit/iron-fence-border	0.3311
kenney/graveyard-kit/iron-fence-curve	0.2149
kenney/graveyard-kit/iron-fence-damaged	0.1643
kenney/graveyard-kit/iron-fence	0.2328
kenney/graveyard-kit/lantern-candle	0.3943
kenney/graveyard-kit/lantern-glass	0.4058
kenney/graveyard-kit/lightpost-all	0.1518
kenney/graveyard-kit/lightpost-double	0.1162
kenney/graveyard-kit/lightpost-single	0.0877
kenney/graveyard-kit/pillar-large	0.1224
kenney/graveyard-kit/pillar-obelisk	0.1874
kenney/graveyard-kit/pillar-small	0.1433
kenney/graveyard-kit/pillar-square	0.2216
kenney/graveyard-kit/pine-crooked	0.2126
kenney/graveyard-kit/pine-fall-crooked	0.2126
kenney/graveyard-kit/pine-fall	0.1924
kenney/graveyard-kit/pine	0.1924
kenney/graveyard-kit/pumpkin-carved	0.4205
kenney/graveyard-kit/pumpkin-tall-carved	0.4257
kenney/graveyard-kit/pumpkin-tall	0.4257
kenney/graveyard-kit/pumpkin	0.4205
kenney/graveyard-kit/road	0.2078
kenney/graveyard-kit/rocks-tall	0.3111
kenney/graveyard-kit/rocks	0.2577
kenney/graveyard-kit/shovel-dirt	0.2372
kenney/graveyard-kit/shovel	0.1076
kenney/graveyard-kit/stone-wall-column	0.4921
kenney/graveyard-kit/stone-wall-curve	0.5898
kenney/graveyard-kit/stone-wall-damaged	0.3470
kenney/graveyard-kit/stone-wall	0.4437
kenney/graveyard-kit/trunk-long	0.2753
kenney/graveyard-kit/trunk	0.4775
kenney/graveyard-kit/urn-round	0.3300
kenney/graveyard-kit/urn-square	0.4007
kenney/hexagon-kit/bridge	0.3002
kenney/hexagon-kit/building-archery	0.4065
kenney/hexagon-kit/building-cabin	0.3730
kenney/hexagon-kit/building-castle	0.4822
kenney/hexagon-kit/building-dock	0.3422
kenney/hexagon-kit/building-farm	0.2966
kenney/hexagon-kit/building-house	0.3474
kenney/hexagon-kit/building-market	0.3386
kenney/hexagon-kit/building-mill	0.3961
kenney/hexagon-kit/building-mine	0.3289
kenney/hexagon-kit/building-port	0.3513
kenney/hexagon-kit/building-sheep	0.3198
kenney/hexagon-kit/building-smelter	0.3691
kenney/hexagon-kit/building-tower	0.3889
kenney/hexagon-kit/building-village	0.3571
kenney/hexagon-kit/building-wall	0.3832
kenney/hexagon-kit/building-walls	0.4196
kenney/hexagon-kit/building-watermill	0.3093
kenney/hexagon-kit/building-wizard-tower	0.4411
kenney/hexagon-kit/dirt-lumber	0.2736
kenney/hexagon-kit/dirt	0.2302
kenney/hexagon-kit/grass-forest	0.3531
kenney/hexagon-kit/grass-hill	0.3340
kenney/hexagon-kit/grass	0.2830
kenney/hexagon-kit/path-corner-sharp	0.1726
kenney/hexagon-kit/path-corner	0.1013
kenney/hexagon-kit/path-crossing	0.1871
kenney/hexagon-kit/path-end	0.1523
kenney/hexagon-kit/path-intersectionA	0.1303
kenney/hexagon-kit/path-intersectionB	0.1230
kenney/hexagon-kit/path-intersectionC	0.1251
kenney/hexagon-kit/path-intersectionD	0.1475
kenney/hexagon-kit/path-intersectionE	0.1429
kenney/hexagon-kit/path-intersectionF	0.1180
kenney/hexagon-kit/path-intersectionG	0.1588
kenney/hexagon-kit/path-intersectionH	0.1307
kenney/hexagon-kit/path-square-end	0.1739
kenney/hexagon-kit/path-square	0.1530
kenney/hexagon-kit/path-start	0.1266
kenney/hexagon-kit/path-straight	0.0857
kenney/hexagon-kit/river-corner-sharp	0.2812
kenney/hexagon-kit/river-corner	0.2784
kenney/hexagon-kit/river-crossing	0.2744
kenney/hexagon-kit/river-end	0.2829
kenney/hexagon-kit/river-intersectionA	0.2768
kenney/hexagon-kit/river-intersectionB	0.2761
kenney/hexagon-kit/river-intersectionC	0.2806
kenney/hexagon-kit/river-intersectionD	0.2761
kenney/hexagon-kit/river-intersectionE	0.2789
kenney/hexagon-kit/river-intersectionF	0.2784
kenney/hexagon-kit/river-intersectionG	0.2744
kenney/hexagon-kit/river-intersectionH	0.2744
kenney/hexagon-kit/river-start	0.2829
kenney/hexagon-kit/river-straight	0.2806
kenney/hexagon-kit/sand-desert	0.2943
kenney/hexagon-kit/sand-rocks	0.2832
kenney/hexagon-kit/sand	0.2830
kenney/hexagon-kit/stone-hill	0.3344
kenney/hexagon-kit/stone-mountain	0.4557
kenney/hexagon-kit/stone-rocks	0.2946
kenney/hexagon-kit/stone	0.2830
kenney/hexagon-kit/unit-house	0.7184
kenney/hexagon-kit/unit-mansion	0.3470
kenney/hexagon-kit/unit-mill	0.4106
kenney/hexagon-kit/unit-ship-large	0.2456
kenney/hexagon-kit/unit-ship	0.1341
kenney/hexagon-kit/unit-tower	0.2277
kenney/hexagon-kit/unit-tree	0.2596
kenney/hexagon-kit/unit-wall-tower	0.6569
kenney/hexagon-kit/water-island	0.2306
kenney/hexagon-kit/water-rocks	0.2343
kenney/hexagon-kit/water	0.2302
kenney/holiday-kit/bench-short	0.5417
kenney/holiday-kit/bench	0.3659
kenney/holiday-kit/cabin-corner-bottom	0.1618
kenney/holiday-kit/cabin-corner-logs	0.2975
kenney/holiday-kit/cabin-corner	0.1373
kenney/holiday-kit/cabin-door-rotate	0.6513
kenney/holiday-kit/cabin-doorway-center	0.2061
kenney/holiday-kit/cabin-doorway-left	0.4116
kenney/holiday-kit/cabin-doorway-right	0.3968
kenney/holiday-kit/cabin-doorway	0.5610
kenney/holiday-kit/cabin-fence	0.1747
kenney/holiday-kit/cabin-overhang-door-rotate	0.6525
kenney/holiday-kit/cabin-overhang-doorway	0.5668
kenney/holiday-kit/cabin-roof-chimney	0.3347
kenney/holiday-kit/cabin-roof-corner	0.3458
kenney/holiday-kit/cabin-roof-dormer	0.6771
kenney/holiday-kit/cabin-roof-point	0.6262
kenney/holiday-kit/cabin-roof-snow-chimney	0.3601
kenney/holiday-kit/cabin-roof-snow-corner	0.3889
kenney/holiday-kit/cabin-roof-snow-dormer	0.6773
kenney/holiday-kit/cabin-roof-snow-point	0.6207
kenney/holiday-kit/cabin-roof-snow	0.2831
kenney/holiday-kit/cabin-roof-top	0.1446
kenney/holiday-kit/cabin-roof	0.2341
kenney/holiday-kit/cabin-wall-low	0.2913
kenney/holiday-kit/cabin-wall-roof-center	0.3670
kenney/holiday-kit/cabin-wall-roof	0.3329
kenney/holiday-kit/cabin-wall-wreath	0.6457
kenney/holiday-kit/cabin-wall	0.6459
kenney/holiday-kit/cabin-window-a	0.6386
kenney/holiday-kit/cabin-window-b	0.6354
kenney/holiday-kit/cabin-window-c	0.6366
kenney/holiday-kit/cabin-window-large	0.6480
kenney/holiday-kit/candy-cane-green	0.1539
kenney/holiday-kit/candy-cane-red	0.1539
kenney/holiday-kit/festivus-pole	0.0625
kenney/holiday-kit/floor-stone	0.2913
kenney/holiday-kit/floor-wood-snow	0.3123
kenney/holiday-kit/floor-wood	0.3123
kenney/holiday-kit/gingerbread-man	0.3195
kenney/holiday-kit/gingerbread-woman	0.3359
kenney/holiday-kit/hanukkah-dreidel	0.2767
kenney/holiday-kit/hanukkah-menorah-candles	0.1604
kenney/holiday-kit/hanukkah-menorah	0.2080
kenney/holiday-kit/kwanzaa-kikombe	0.5352
kenney/holiday-kit/kwanzaa-kinara-alternative	0.2379
kenney/holiday-kit/kwanzaa-kinara	0.2082
kenney/holiday-kit/lantern-hanging	0.2124
kenney/holiday-kit/lantern	0.0800
kenney/holiday-kit/lights-colored	0.0348
kenney/holiday-kit/lights-green	0.0348
kenney/holiday-kit/lights-red	0.0348
kenney/holiday-kit/nutcracker	0.2143
kenney/holiday-kit/present-a-cube	0.5685
kenney/holiday-kit/present-a-rectangle	0.4389
kenney/holiday-kit/present-a-round	0.6240
kenney/holiday-kit/present-b-cube	0.6919
kenney/holiday-kit/present-b-rectangle	0.4872
kenney/holiday-kit/present-b-round	0.5714
kenney/holiday-kit/reindeer	0.2753
kenney/holiday-kit/rocks-large	0.2370
kenney/holiday-kit/rocks-medium	0.2565
kenney/holiday-kit/rocks-small	0.2702
kenney/holiday-kit/sled-long	0.2734
kenney/holiday-kit/sled	0.2591
kenney/holiday-kit/snow-bunker	0.1582
kenney/holiday-kit/snow-flat-large	0.1598
kenney/holiday-kit/snow-flat	0.1610
kenney/holiday-kit/snow-pile	0.1771
kenney/holiday-kit/snowflake-a	0.3502
kenney/holiday-kit/snowflake-b	0.3740
kenney/holiday-kit/snowflake-c	0.3111
kenney/holiday-kit/snowman-hat	0.2369
kenney/holiday-kit/snowman	0.3085
kenney/holiday-kit/sock-green-cane	0.1826
kenney/holiday-kit/sock-green	0.2148
kenney/holiday-kit/sock-red-cane	0.1826
kenney/holiday-kit/sock-red	0.2148
kenney/holiday-kit/train-locomotive	0.3004
kenney/holiday-kit/train-tender	0.4292
kenney/holiday-kit/train-wagon-flat-short	0.3385
kenney/holiday-kit/train-wagon-flat	0.1606
kenney/holiday-kit/train-wagon-logs	0.1959
kenney/holiday-kit/train-wagon-short	0.5771
kenney/holiday-kit/train-wagon	0.2779
kenney/holiday-kit/trainset-rail-bend	0.0590
kenney/holiday-kit/trainset-rail-corner	0.1175
kenney/holiday-kit/trainset-rail-detailed-bend	0.0908
kenney/holiday-kit/trainset-rail-detailed-corner	0.1479
kenney/holiday-kit/trainset-rail-detailed-straight	0.1468
kenney/holiday-kit/trainset-rail-straight	0.0898
kenney/holiday-kit/tree-decorated-snow	0.1789
kenney/holiday-kit/tree-decorated	0.1710
kenney/holiday-kit/tree-snow-a	0.2177
kenney/holiday-kit/tree-snow-b	0.2221
kenney/holiday-kit/tree-snow-c	0.2177
kenney/holiday-kit/tree	0.2177
kenney/holiday-kit/wreath-decorated	0.3190
kenney/holiday-kit/wreath	0.3144
kenney/marble-kit/banner-double-high	0.3393
kenney/marble-kit/banner-double	0.2918
kenney/marble-kit/banner-hanging-double-high	0.3438
kenney/marble-kit/banner-hanging-double	0.2948
kenney/marble-kit/banner-hanging-high	0.1994
kenney/marble-kit/banner-hanging	0.1729
kenney/marble-kit/banner-high	0.1993
kenney/marble-kit/banner	0.1731
kenney/marble-kit/bend-large	0.1072
kenney/marble-kit/bend-medium	0.1486
kenney/marble-kit/bend-solid-large	0.1479
kenney/marble-kit/bend-solid-medium	0.1684
kenney/marble-kit/bend	0.2305
kenney/marble-kit/bump-a	0.1244
kenney/marble-kit/bump-b	0.1245
kenney/marble-kit/bump-c	0.1351
kenney/marble-kit/bump-d	0.1595
kenney/marble-kit/bump-solid-a	0.1355
kenney/marble-kit/bump-solid-b	0.1466
kenney/marble-kit/bump-solid-c	0.1744
kenney/marble-kit/bump-solid-d	0.2098
kenney/marble-kit/corner-solid	0.5743
kenney/marble-kit/corner	0.4298
kenney/marble-kit/cross	0.5389
kenney/marble-kit/curve-large	0.1877
kenney/marble-kit/curve-solid-large	0.2997
kenney/marble-kit/curve-solid	0.3397
kenney/marble-kit/curve-wide-large	0.2134
kenney/marble-kit/curve-wide-medium	0.2697
kenney/marble-kit/curve-wide-solid-large	0.2865
kenney/marble-kit/curve-wide-solid-medium	0.3063
kenney/marble-kit/curve-wide	0.3392
kenney/marble-kit/curve	0.2679
kenney/marble-kit/end-hole-rounded	0.5821
kenney/marble-kit/end-hole-square	0.5838
kenney/marble-kit/end-rounded	0.5821
kenney/marble-kit/end-square	0.5838
kenney/marble-kit/fan-four	0.6438
kenney/marble-kit/fan-simple-four	0.3512
kenney/marble-kit/fan-simple-two	0.2895
kenney/marble-kit/fan-standing-four	0.7345
kenney/marble-kit/fan-standing-two	0.7345
kenney/marble-kit/fan-two	0.6438
kenney/marble-kit/funnel-long	0.2131
kenney/marble-kit/funnel	0.2828
kenney/marble-kit/helix-half-left	0.1701
kenney/marble-kit/helix-half-right	0.1654
kenney/marble-kit/helix-large-half-left	0.1164
kenney/marble-kit/helix-large-half-right	0.1144
kenney/marble-kit/helix-large-left	0.2034
kenney/marble-kit/helix-large-quarter-left	0.2186
kenney/marble-kit/helix-large-quarter-right	0.2365
kenney/marble-kit/helix-large-right	0.2087
kenney/marble-kit/helix-left	0.2357
kenney/marble-kit/helix-quarter-left	0.3391
kenney/marble-kit/helix-quarter-right	0.3349
kenney/marble-kit/helix-right	0.2802
kenney/marble-kit/marble-center-butterfly-high	0.5137
kenney/marble-kit/marble-center-butterfly-low	0.4837
kenney/marble-kit/marble-center-high	0.5137
kenney/marble-kit/marble-center-low	0.4837
kenney/marble-kit/marble-high	0.5137
kenney/marble-kit/marble-low	0.4837
kenney/marble-kit/ramp-end-a	0.5336
kenney/marble-kit/ramp-end-b	0.4905
kenney/marble-kit/ramp-end-c	0.4601
kenney/marble-kit/ramp-end-d	0.3723
kenney/marble-kit/ramp-end-solid-a	0.6188
kenney/marble-kit/ramp-end-solid-b	0.6608
kenney/marble-kit/ramp-end-solid-c	0.7482
kenney/marble-kit/ramp-end-solid-d	0.6399
kenney/marble-kit/ramp-long-a	0.2407
kenney/marble-kit/ramp-long-b	0.2095
kenney/marble-kit/ramp-long-c	0.1889
kenney/marble-kit/ramp-long-d	0.2308
kenney/marble-kit/ramp-long-solid-a	0.2950
kenney/marble-kit/ramp-long-solid-b	0.3172
kenney/marble-kit/ramp-long-solid-c	0.3865
kenney/marble-kit/ramp-long-solid-d	0.4755
kenney/marble-kit/ramp-start-a	0.5233
kenney/marble-kit/ramp-start-b	0.4638
kenney/marble-kit/ramp-start-c	0.4327
kenney/marble-kit/ramp-start-d	0.3388
kenney/marble-kit/ramp-start-solid-a	0.5936
kenney/marble-kit/ramp-start-solid-b	0.6040
kenney/marble-kit/ramp-start-solid-c	0.6243
kenney/marble-kit/ramp-start-solid-d	0.5215
kenney/marble-kit/s-curve-left-large	0.1195
kenney/marble-kit/s-curve-left	0.1713
kenney/marble-kit/s-curve-right-large	0.0906
kenney/marble-kit/s-curve-right	0.1261
kenney/marble-kit/s-curve-short-left-a	0.2897
kenney/marble-kit/s-curve-short-left-b	0.3104
kenney/marble-kit/s-curve-short-left-c	0.3263
kenney/marble-kit/slant-a	0.4764
kenney/marble-kit/slant-b	0.3886
kenney/marble-kit/slant-c	0.2675
kenney/marble-kit/slant-d	0.2110
kenney/marble-kit/slant-long-a	0.2442
kenney/marble-kit/slant-long-b	0.2150
kenney/marble-kit/slant-long-c	0.1613
kenney/marble-kit/slant-long-d	0.1958
kenney/marble-kit/slant-solid-a	0.6315
kenney/marble-kit/slant-solid-b	0.6699
kenney/marble-kit/slant-solid-c	0.4658
kenney/marble-kit/slant-solid-d	0.3468
kenney/marble-kit/slant-solid-long-a	0.2979
kenney/marble-kit/slant-solid-long-b	0.3227
kenney/marble-kit/slant-solid-long-c	0.3764
kenney/marble-kit/slant-solid-long-d	0.4575
kenney/marble-kit/split-double-sides-solid	0.2310
kenney/marble-kit/split-double-sides	0.2138
kenney/marble-kit/split-double-solid	0.2206
kenney/marble-kit/split-double	0.2071
kenney/marble-kit/split-large-left	0.2575
kenney/marble-kit/split-large-right	0.2863
kenney/marble-kit/split-large-solid-left	0.3838
kenney/marble-kit/split-large-solid-right	0.3898
kenney/marble-kit/split-left	0.3547
kenney/marble-kit/split-right	0.3899
kenney/marble-kit/split-solid-left	0.4320
kenney/marble-kit/split-solid-right	0.4473
kenney/marble-kit/split	0.5784
kenney/marble-kit/straight-hole	0.5838
kenney/marble-kit/straight-wide-hole	0.3222
kenney/marble-kit/straight-wide	0.3222
kenney/marble-kit/straight	0.5838
kenney/marble-kit/support-color-four-bottom	0.3660
kenney/marble-kit/support-color-four-middle	0.3358
kenney/marble-kit/support-color-four-top-double	0.3736
kenney/marble-kit/support-color-four-top	0.4354
kenney/marble-kit/support-color-single-bottom	0.6950
kenney/marble-kit/support-color-single-middle	0.6881
kenney/marble-kit/support-color-single-top-double	0.2836
kenney/marble-kit/support-color-single-top	0.2945
kenney/marble-kit/support-color-two-bottom	0.1928
kenney/marble-kit/support-color-two-middle	0.1911
kenney/marble-kit/support-color-two-top-double	0.2800
kenney/marble-kit/support-color-two-top	0.2915
kenney/marble-kit/support-four-bottom	0.3660
kenney/marble-kit/support-four-middle	0.3358
kenney/marble-kit/support-four-top-double	0.3736
kenney/marble-kit/support-four-top	0.4354
kenney/marble-kit/support-single-bottom	0.6950
kenney/marble-kit/support-single-middle	0.6881
kenney/marble-kit/support-single-top-double	0.2836
kenney/marble-kit/support-single-top	0.2945
kenney/marble-kit/support-two-bottom	0.1928
kenney/marble-kit/support-two-middle	0.1911
kenney/marble-kit/support-two-top-double	0.2800
kenney/marble-kit/support-two-top	0.2915
kenney/marble-kit/tree-large	0.1938
kenney/marble-kit/tree-tall-large	0.1041
kenney/marble-kit/tree-tall	0.0887
kenney/marble-kit/tree	0.1938
kenney/marble-kit/tunnel	0.5639
kenney/marble-kit/wave-a	0.1254
kenney/marble-kit/wave-b	0.1275
kenney/marble-kit/wave-c	0.1370
kenney/marble-kit/wave-solid-a	0.1336
kenney/marble-kit/wave-solid-b	0.1431
kenney/marble-kit/wave-solid-c	0.1657
kenney/mini-arcade/air-hockey	0.3464
kenney/mini-arcade/arcade-machine	0.5247
kenney/mini-arcade/basketball-game	0.5148
kenney/mini-arcade/cash-register	0.3279
kenney/mini-arcade/character-employee	0.3504
kenney/mini-arcade/character-gamer	0.3626
kenney/mini-arcade/claw-machine	0.4830
kenney/mini-arcade/column	0.4283
kenney/mini-arcade/dance-machine	0.5646
kenney/mini-arcade/floor	0.2777
kenney/mini-arcade/gambling-machine	0.4400
kenney/mini-arcade/pinball	0.5509
kenney/mini-arcade/prize-wheel	0.2916
kenney/mini-arcade/prizes	0.6616
kenney/mini-arcade/ticket-machine	0.3071
kenney/mini-arcade/vending-machine	0.6138
kenney/mini-arcade/wall-corner	0.7864
kenney/mini-arcade/wall-door-rotate	0.7993
kenney/mini-arcade/wall-window	0.7993
kenney/mini-arcade/wall	0.8281
kenney/mini-arena/banner	0.1811
kenney/mini-arena/block	0.6438
kenney/mini-arena/border-corner	0.5018
kenney/mini-arena/border-straight	0.4364
kenney/mini-arena/bricks	0.3704
kenney/mini-arena/column-damaged	0.5254
kenney/mini-arena/column	0.4695
kenney/mini-arena/floor-detail	0.2695
kenney/mini-arena/floor	0.2691
kenney/mini-arena/stairs-corner-inner	0.6024
kenney/mini-arena/stairs-corner	0.4764
kenney/mini-arena/stairs	0.6024
kenney/mini-arena/statue	0.2793
kenney/mini-arena/tree	0.1370
kenney/mini-arena/trophy	0.4473
kenney/mini-arena/wall-corner	0.4861
kenney/mini-arena/wall-gate	0.7666
kenney/mini-arena/wall	0.8425
kenney/mini-arena/weapon-rack	0.2891
kenney/mini-arena/weapon-spear	0.0893
kenney/mini-arena/weapon-sword	0.1096
kenney/mini-characters/aid-cane-blind	0.1804
kenney/mini-characters/aid-cane-low-vision	0.1804
kenney/mini-characters/aid-cane	0.2207
kenney/mini-characters/aid-crutch	0.2312
kenney/mini-characters/aid-defibrillator-green	0.5014
kenney/mini-characters/aid-defibrillator-red	0.5014
kenney/mini-characters/aid-glasses	0.1121
kenney/mini-characters/aid-mask	0.2085
kenney/mini-characters/aid-sunglasses	0.1266
kenney/mini-characters/aid_hearing	0.3290
kenney/mini-characters/character-female-a	0.1976
kenney/mini-characters/character-female-b	0.3654
kenney/mini-characters/character-female-c	0.3589
kenney/mini-characters/character-female-d	0.3612
kenney/mini-characters/character-female-e	0.3601
kenney/mini-characters/character-female-f	0.3709
kenney/mini-characters/character-male-a	0.3356
kenney/mini-characters/character-male-b	0.3284
kenney/mini-characters/character-male-c	0.3581
kenney/mini-characters/character-male-d	0.3373
kenney/mini-characters/character-male-e	0.3386
kenney/mini-characters/character-male-f	0.3411
kenney/mini-characters/wheelchair-deluxe	0.5479
kenney/mini-characters/wheelchair-power-deluxe	0.4610
kenney/mini-characters/wheelchair-power	0.5388
kenney/mini-characters/wheelchair	0.5277
kenney/mini-dungeon/banner	0.3395
kenney/mini-dungeon/barrel	0.6340
kenney/mini-dungeon/chair	0.5782
kenney/mini-dungeon/character-human	0.3221
kenney/mini-dungeon/character-orc	0.3352
kenney/mini-dungeon/chest	0.7662
kenney/mini-dungeon/coin	0.6217
kenney/mini-dungeon/column	0.3076
kenney/mini-dungeon/dirt	0.9183
kenney/mini-dungeon/floor-detail	0.2690
kenney/mini-dungeon/floor	0.2691
kenney/mini-dungeon/gate	0.6029
kenney/mini-dungeon/key	0.2297
kenney/mini-dungeon/pot	0.3467
kenney/mini-dungeon/potion	0.4132
kenney/mini-dungeon/rocks	0.5898
kenney/mini-dungeon/shield-rectangle	0.5204
kenney/mini-dungeon/shield-round	0.4177
kenney/mini-dungeon/stairs	0.8292
kenney/mini-dungeon/stones	0.2672
kenney/mini-dungeon/table	0.3593
kenney/mini-dungeon/trap	0.2977
kenney/mini-dungeon/wall-half	0.9175
kenney/mini-dungeon/wall-narrow	0.9282
kenney/mini-dungeon/wall-opening	0.8741
kenney/mini-dungeon/wall	0.9050
kenney/mini-dungeon/weapon-spear	0.1069
kenney/mini-dungeon/weapon-sword	0.1717
kenney/mini-dungeon/wood-structure	0.5586
kenney/mini-dungeon/wood-support	0.2651
kenney/mini-forest/bridge	0.2838
kenney/mini-forest/building-platform	0.4044
kenney/mini-forest/building-roof	0.4219
kenney/mini-forest/building-structure	0.5729
kenney/mini-forest/character-archer	0.3307
kenney/mini-forest/fence	0.1196
kenney/mini-forest/flag	0.1612
kenney/mini-forest/ladder	0.2188
kenney/mini-forest/patch-dirt	0.2782
kenney/mini-forest/patch-grass	0.2464
kenney/mini-forest/plant	0.2381
kenney/mini-forest/platform	0.3488
kenney/mini-forest/rocks-high	0.9317
kenney/mini-forest/rocks-low	0.5898
kenney/mini-forest/rocks-ramp	0.4531
kenney/mini-forest/stones	0.2613
kenney/mini-forest/target	0.4120
kenney/mini-forest/tent	0.4546
kenney/mini-forest/tree-high	0.1180
kenney/mini-forest/tree	0.1850
kenney/mini-forest/weapon-arrow	0.0949
kenney/mini-forest/weapon-bow	0.1632
kenney/mini-market/bottle-return	0.2689
kenney/mini-market/cash-register	0.4555
kenney/mini-market/character-employee	0.3502
kenney/mini-market/column	0.4283
kenney/mini-market/display-bread	0.6559
kenney/mini-market/display-fruit	0.4317
kenney/mini-market/fence-door-rotate	0.1337
kenney/mini-market/fence	0.1293
kenney/mini-market/floor	0.2777
kenney/mini-market/freezer	0.4539
kenney/mini-market/freezers-standing	0.6793
kenney/mini-market/shelf-bags	0.6222
kenney/mini-market/shelf-boxes	0.6536
kenney/mini-market/shelf-end	0.4437
kenney/mini-market/shopping-basket	0.5930
kenney/mini-market/shopping-cart	0.5057
kenney/mini-market/wall-corner	0.7864
kenney/mini-market/wall-door-rotate	0.7993
kenney/mini-market/wall-window	0.7993
kenney/mini-market/wall	0.8281
kenney/mini-skate/bowl-corner-inner	0.7301
kenney/mini-skate/bowl-corner-outer	0.3840
kenney/mini-skate/bowl-side	0.7301
kenney/mini-skate/floor-concrete	0.2691
kenney/mini-skate/floor-wood	0.2693
kenney/mini-skate/half-pipe	0.7301
kenney/mini-skate/obstacle-box	0.2709
kenney/mini-skate/obstacle-end	0.1856
kenney/mini-skate/obstacle-middle	0.4325
kenney/mini-skate/pallet	0.4557
kenney/mini-skate/rail-curve	0.1246
kenney/mini-skate/rail-high	0.1055
kenney/mini-skate/rail-low	0.0772
kenney/mini-skate/rail-slope	0.0992
kenney/mini-skate/skateboard	0.1555
kenney/mini-skate/steps	0.5230
kenney/mini-skate/structure-platform	0.3560
kenney/mini-skate/structure-wood	0.3982
kenney/minigolf-kit/ball-blue	0.5268
kenney/minigolf-kit/ball-green	0.5268
kenney/minigolf-kit/ball-red	0.5268
kenney/minigolf-kit/block-borders	0.2232
kenney/minigolf-kit/block	0.3793
kenney/minigolf-kit/bump-down-walls	0.3481
kenney/minigolf-kit/bump-down	0.3169
kenney/minigolf-kit/bump-walls	0.3481
kenney/minigolf-kit/bump	0.3169
kenney/minigolf-kit/castle	0.4991
kenney/minigolf-kit/club-blue	0.0339
kenney/minigolf-kit/club-green	0.0339
kenney/minigolf-kit/club-red	0.0339
kenney/minigolf-kit/corner	0.3461
kenney/minigolf-kit/crest	0.3481
kenney/minigolf-kit/end	0.3481
kenney/minigolf-kit/flag-blue	0.0622
kenney/minigolf-kit/flag-green	0.0622
kenney/minigolf-kit/flag-large-blue	0.1221
kenney/minigolf-kit/flag-large-green	0.1221
kenney/minigolf-kit/flag-large-red	0.1221
kenney/minigolf-kit/flag-red	0.0622
kenney/minigolf-kit/gap	0.3154
kenney/minigolf-kit/hill-corner	0.3471
kenney/minigolf-kit/hill-round	0.3590
kenney/minigolf-kit/hill-square	0.3481
kenney/minigolf-kit/hole-open	0.3169
kenney/minigolf-kit/hole-round	0.3092
kenney/minigolf-kit/hole-square	0.3481
kenney/minigolf-kit/inner-corner	0.3242
kenney/minigolf-kit/narrow-block	0.3481
kenney/minigolf-kit/narrow-round	0.3500
kenney/minigolf-kit/narrow-square	0.3508
kenney/minigolf-kit/obstacle-block	0.3481
kenney/minigolf-kit/obstacle-diamond	0.3169
kenney/minigolf-kit/obstacle-triangle	0.3169
kenney/minigolf-kit/open	0.3170
kenney/minigolf-kit/ramp-high	0.1198
kenney/minigolf-kit/ramp-large-side	0.1084
kenney/minigolf-kit/ramp-large	0.1100
kenney/minigolf-kit/ramp-low	0.2991
kenney/minigolf-kit/ramp-medium	0.2262
kenney/minigolf-kit/ramp-sharp	0.3481
kenney/minigolf-kit/ramp-side	0.1059
kenney/minigolf-kit/ramp-square	0.3481
kenney/minigolf-kit/ramp	0.1298
kenney/minigolf-kit/round-corner-a	0.2619
kenney/minigolf-kit/round-corner-b	0.3466
kenney/minigolf-kit/round-corner-c	0.2614
kenney/minigolf-kit/round-large-corner-open	0.2354
kenney/minigolf-kit/round-large-corner	0.1889
kenney/minigolf-kit/side	0.3461
kenney/minigolf-kit/skew-corner	0.1982
kenney/minigolf-kit/skew-large-corner-open	0.1779
kenney/minigolf-kit/skew-large-corner	0.1430
kenney/minigolf-kit/spline-concave-cap-back	0.0323
kenney/minigolf-kit/spline-concave-cap-front	0.0323
kenney/minigolf-kit/spline-concave-corner-large-ramp	0.0657
kenney/minigolf-kit/spline-concave-corner-large	0.0946
kenney/minigolf-kit/spline-concave-corner-small-ramp	0.0587
kenney/minigolf-kit/spline-concave-corner-small	0.1542
kenney/minigolf-kit/spline-concave-curve	0.0866
kenney/minigolf-kit/spline-concave-looping	0.3118
kenney/minigolf-kit/spline-concave-straight-bend-large	0.1034
kenney/minigolf-kit/spline-concave-straight-bend	0.1938
kenney/minigolf-kit/spline-concave-straight-bump-down	0.0838
kenney/minigolf-kit/spline-concave-straight-bump-up	0.0841
kenney/minigolf-kit/spline-concave-straight-hill-beginning	0.0562
kenney/minigolf-kit/spline-concave-straight-hill-complete-half	0.0679
kenney/minigolf-kit/spline-concave-straight-hill-complete	0.0527
kenney/minigolf-kit/spline-concave-straight-hill-end	0.0546
kenney/minigolf-kit/spline-concave-straight-skew-left-side	0.0559
kenney/minigolf-kit/spline-concave-straight-skew-left	0.0489
kenney/minigolf-kit/spline-concave-straight-skew-right-side	0.1085
kenney/minigolf-kit/spline-concave-straight-skew-right	0.1038
kenney/minigolf-kit/spline-concave-straight	0.0834
kenney/minigolf-kit/spline-concave	0.3402
kenney/minigolf-kit/spline-default-cap-back	0.0407
kenney/minigolf-kit/spline-default-cap-front	0.0407
kenney/minigolf-kit/spline-default-corner-large-ramp	0.0662
kenney/minigolf-kit/spline-default-corner-large	0.0950
kenney/minigolf-kit/spline-default-corner-small-ramp	0.0597
kenney/minigolf-kit/spline-default-corner-small	0.1555
kenney/minigolf-kit/spline-default-curve	0.0871
kenney/minigolf-kit/spline-default-looping	0.3122
kenney/minigolf-kit/spline-default-straight-bend-large	0.1041
kenney/minigolf-kit/spline-default-straight-bend	0.1968
kenney/minigolf-kit/spline-default-straight-bump-down	0.0844
kenney/minigolf-kit/spline-default-straight-bump-up	0.0846
kenney/minigolf-kit/spline-default-straight-hill-beginning	0.0566
kenney/minigolf-kit/spline-default-straight-hill-complete-half	0.0684
kenney/minigolf-kit/spline-default-straight-hill-complete	0.0532
kenney/minigolf-kit/spline-default-straight-hill-end	0.0546
kenney/minigolf-kit/spline-default-straight-skew-left-side	0.0568
kenney/minigolf-kit/spline-default-straight-skew-left	0.0495
kenney/minigolf-kit/spline-default-straight-skew-right-side	0.1089
kenney/minigolf-kit/spline-default-straight-skew-right	0.1042
kenney/minigolf-kit/spline-default-straight	0.0839
kenney/minigolf-kit/spline-default	0.3481
kenney/minigolf-kit/split-start	0.3481
kenney/minigolf-kit/split-t	0.3257
kenney/minigolf-kit/split-walls-to-open	0.3309
kenney/minigolf-kit/split	0.3546
kenney/minigolf-kit/square-corner-a	0.3466
kenney/minigolf-kit/start	0.3445
kenney/minigolf-kit/straight	0.3481
kenney/minigolf-kit/structure-gate-building	0.3470
kenney/minigolf-kit/structure-gate-wide	0.4566
kenney/minigolf-kit/structure-gate	0.4761
kenney/minigolf-kit/structure-gates	0.4648
kenney/minigolf-kit/structure-windmill	0.4203
kenney/minigolf-kit/support-bottom	0.3406
kenney/minigolf-kit/support-low-bottom	0.7975
kenney/minigolf-kit/support-low	0.6881
kenney/minigolf-kit/support	0.3100
kenney/minigolf-kit/supports-bottom	0.5312
kenney/minigolf-kit/supports-low-bottom	0.3165
kenney/minigolf-kit/supports-low	0.3028
kenney/minigolf-kit/supports	0.5145
kenney/minigolf-kit/tunnel-double	0.4371
kenney/minigolf-kit/tunnel-narrow	0.4371
kenney/minigolf-kit/tunnel-wide	0.4371
kenney/minigolf-kit/wall-left	0.3648
kenney/minigolf-kit/wall-right	0.3645
kenney/minigolf-kit/walls-to-open	0.3247
kenney/minigolf-kit/windmill	0.4445
kenney/modular-buildings/building-block	0.7373
kenney/modular-buildings/building-corner-bottom	0.6884
kenney/modular-buildings/building-corner-top	0.7106
kenney/modular-buildings/building-corner-window-middle	0.6266
kenney/modular-buildings/building-corner-window-narrow	0.6277
kenney/modular-buildings/building-corner-window-sill	0.6314
kenney/modular-buildings/building-corner-window-top-round	0.6266
kenney/modular-buildings/building-corner-window-top-square	0.6266
kenney/modular-buildings/building-corner-window	0.6291
kenney/modular-buildings/building-corner	0.6291
kenney/modular-buildings/building-door-window-narrow	0.7314
kenney/modular-buildings/building-door-window	0.7222
kenney/modular-buildings/building-door	0.7314
kenney/modular-buildings/building-edges-door	0.6961
kenney/modular-buildings/building-sample-house-a	0.3867
kenney/modular-buildings/building-sample-house-b	0.4706
kenney/modular-buildings/building-sample-house-c	0.5788
kenney/modular-buildings/building-sample-tower-a	0.3934
kenney/modular-buildings/building-sample-tower-b	0.5323
kenney/modular-buildings/building-sample-tower-c	0.3013
kenney/modular-buildings/building-sample-tower-d	0.2458
kenney/modular-buildings/building-steps-narrow-windows-round	0.6905
kenney/modular-buildings/building-steps-narrow-windows	0.6905
kenney/modular-buildings/building-steps-narrow	0.6905
kenney/modular-buildings/building-steps-wide	0.7058
kenney/modular-buildings/building-window-awnings	0.6218
kenney/modular-buildings/building-window-balcony	0.6250
kenney/modular-buildings/building-window-door-window-round	0.7314
kenney/modular-buildings/building-window-door-window	0.7314
kenney/modular-buildings/building-window-large-left	0.7163
kenney/modular-buildings/building-window-large-middle	0.7121
kenney/modular-buildings/building-window-large-right	0.7136
kenney/modular-buildings/building-window-large	0.7178
kenney/modular-buildings/building-window-left-sill	0.6923
kenney/modular-buildings/building-window-left	0.7373
kenney/modular-buildings/building-window-right-sill	0.6923
kenney/modular-buildings/building-window-right	0.7373
kenney/modular-buildings/building-window-sill	0.6923
kenney/modular-buildings/building-window-wide-sill	0.6923
kenney/modular-buildings/building-window-wide	0.7373
kenney/modular-buildings/building-window	0.7373
kenney/modular-buildings/building-windows-high-middle	0.7221
kenney/modular-buildings/building-windows-high-top-round	0.7220
kenney/modular-buildings/building-windows-high-top-square	0.7220
kenney/modular-buildings/building-windows-round	0.7373
kenney/modular-buildings/building-windows-sills-round	0.6923
kenney/modular-buildings/building-windows-sills	0.6923
kenney/modular-buildings/building-windows	0.7373
kenney/modular-buildings/detail-ac-a	0.6008
kenney/modular-buildings/detail-ac-b	0.5161
kenney/modular-buildings/door-brown-glass	0.3039
kenney/modular-buildings/door-brown-window	0.3039
kenney/modular-buildings/door-brown	0.3039
kenney/modular-buildings/door-white-glass	0.3039
kenney/modular-buildings/door-white-window	0.3039
kenney/modular-buildings/door-white	0.3039
kenney/modular-buildings/roof-flat-awning-a	0.3828
kenney/modular-buildings/roof-flat-awning-b	0.3514
kenney/modular-buildings/roof-flat-awning-c	0.3509
kenney/modular-buildings/roof-flat-border-center-corner	0.3705
kenney/modular-buildings/roof-flat-border-center	0.4284
kenney/modular-buildings/roof-flat-border-corner-slanted-passage	0.3332
kenney/modular-buildings/roof-flat-border-corner-slanted	0.3291
kenney/modular-buildings/roof-flat-border-corner	0.3870
kenney/modular-buildings/roof-flat-border-end	0.3918
kenney/modular-buildings/roof-flat-border-side	0.3515
kenney/modular-buildings/roof-flat-border-straight	0.3918
kenney/modular-buildings/roof-flat-center	0.3490
kenney/modular-buildings/roof-flat-corner-high	0.3705
kenney/modular-buildings/roof-flat-corner	0.3040
kenney/modular-buildings/roof-flat-detail-a	0.4279
kenney/modular-buildings/roof-flat-detail-b	0.4284
kenney/modular-buildings/roof-flat-detail-c	0.4284
kenney/modular-buildings/roof-flat-detail-d	0.4284
kenney/modular-buildings/roof-flat-top	0.4132
kenney/modular-buildings/roof-gable-corner	0.4997
kenney/modular-buildings/roof-gable-end	0.3875
kenney/modular-buildings/roof-gable	0.3936
kenney/modular-buildings/roof-slanted-corner-a	0.3595
kenney/modular-buildings/roof-slanted-corner-b	0.3141
kenney/modular-buildings/roof-slanted-corner-c	0.4369
kenney/modular-buildings/roof-slanted-corner-inner	0.7492
kenney/modular-buildings/roof-slanted-detail	0.6444
kenney/modular-buildings/roof-slanted-flat	0.3490
kenney/modular-buildings/roof-slanted-window	0.6445
kenney/modular-buildings/roof-slanted	0.6445
kenney/modular-buildings/window-brown-detailed	0.3545
kenney/modular-buildings/window-brown-large	0.2486
kenney/modular-buildings/window-brown-narrow	0.2302
kenney/modular-buildings/window-brown-round-low	0.3297
kenney/modular-buildings/window-brown-round-middle	0.1439
kenney/modular-buildings/window-brown-round-narrow	0.2154
kenney/modular-buildings/window-brown-round-top	0.1989
kenney/modular-buildings/window-brown-round-wide	0.2312
kenney/modular-buildings/window-brown-tall	0.2220
kenney/modular-buildings/window-brown-wide	0.1427
kenney/modular-buildings/window-brown	0.3237
kenney/modular-buildings/window-white-detailed	0.3545
kenney/modular-buildings/window-white-large	0.2486
kenney/modular-buildings/window-white-narrow	0.2302
kenney/modular-buildings/window-white-round-low	0.3297
kenney/modular-buildings/window-white-round-middle	0.1439
kenney/modular-buildings/window-white-round-narrow	0.2154
kenney/modular-buildings/window-white-round-top	0.1989
kenney/modular-buildings/window-white-round-wide	0.2312
kenney/modular-buildings/window-white-tall	0.2220
kenney/modular-buildings/window-white-wide	0.1427
kenney/modular-buildings/window-white	0.3237
kenney/modular-cave-kit/corridor-corner	0.4911
kenney/modular-cave-kit/corridor-end	0.9272
kenney/modular-cave-kit/corridor-intersection	0.5981
kenney/modular-cave-kit/corridor-junction	0.7284
kenney/modular-cave-kit/corridor-transition	0.5177
kenney/modular-cave-kit/corridor-wide-corner	0.4067
kenney/modular-cave-kit/corridor-wide-end	0.5721
kenney/modular-cave-kit/corridor-wide-intersection	0.3221
kenney/modular-cave-kit/corridor-wide-junction	0.3924
kenney/modular-cave-kit/corridor-wide	0.5715
kenney/modular-cave-kit/corridor	0.9272
kenney/modular-cave-kit/gate-metal-bars	0.4436
kenney/modular-cave-kit/gate-overhang	0.2457
kenney/modular-cave-kit/gate-rock	0.6857
kenney/modular-cave-kit/gate	0.3365
kenney/modular-cave-kit/ladder	0.1605
kenney/modular-cave-kit/room-corner	0.4393
kenney/modular-cave-kit/room-large-variation	0.3179
kenney/modular-cave-kit/room-large	0.3907
kenney/modular-cave-kit/room-small-variation	0.4195
kenney/modular-cave-kit/room-small	0.4377
kenney/modular-cave-kit/room-wide-variation	0.2667
kenney/modular-cave-kit/room-wide	0.2645
kenney/modular-cave-kit/stairs-wide	0.7393
kenney/modular-cave-kit/stairs	0.5671
kenney/modular-cave-kit/template-corner	0.3995
kenney/modular-cave-kit/template-detail	0.2841
kenney/modular-cave-kit/template-floor-big	0.2964
kenney/modular-cave-kit/template-floor-detail-a	0.2693
kenney/modular-cave-kit/template-floor-detail	0.2693
kenney/modular-cave-kit/template-floor-layer-hole	0.4356
kenney/modular-cave-kit/template-floor-layer-raised	0.4848
kenney/modular-cave-kit/template-floor-layer	0.3095
kenney/modular-cave-kit/template-floor	0.2691
kenney/modular-cave-kit/template-wall-corner	0.1391
kenney/modular-cave-kit/template-wall-detail-a	0.5424
kenney/modular-cave-kit/template-wall-half	0.3512
kenney/modular-cave-kit/template-wall-stairs	0.3394
kenney/modular-cave-kit/template-wall-top	0.5560
kenney/modular-cave-kit/template-wall	0.6248
kenney/modular-dungeon-kit/corridor-corner	0.4103
kenney/modular-dungeon-kit/corridor-end	0.8953
kenney/modular-dungeon-kit/corridor-intersection	0.4038
kenney/modular-dungeon-kit/corridor-junction	0.6141
kenney/modular-dungeon-kit/corridor-transition	0.5071
kenney/modular-dungeon-kit/corridor-wide-corner	0.3904
kenney/modular-dungeon-kit/corridor-wide-end	0.5846
kenney/modular-dungeon-kit/corridor-wide-intersection	0.2946
kenney/modular-dungeon-kit/corridor-wide-junction	0.3673
kenney/modular-dungeon-kit/corridor-wide	0.5846
kenney/modular-dungeon-kit/corridor	0.8948
kenney/modular-dungeon-kit/gate-door-window	0.4967
kenney/modular-dungeon-kit/gate-door	0.5138
kenney/modular-dungeon-kit/gate-metal-bars	0.4436
kenney/modular-dungeon-kit/gate	0.3365
kenney/modular-dungeon-kit/room-corner	0.4400
kenney/modular-dungeon-kit/room-large-variation	0.3195
kenney/modular-dungeon-kit/room-large	0.3902
kenney/modular-dungeon-kit/room-small-variation	0.4102
kenney/modular-dungeon-kit/room-small	0.4156
kenney/modular-dungeon-kit/room-wide-variation	0.2638
kenney/modular-dungeon-kit/room-wide	0.2573
kenney/modular-dungeon-kit/stairs-wide	0.7099
kenney/modular-dungeon-kit/stairs	0.5630
kenney/modular-dungeon-kit/template-corner	0.3757
kenney/modular-dungeon-kit/template-detail	0.1899
kenney/modular-dungeon-kit/template-floor-big	0.2924
kenney/modular-dungeon-kit/template-floor-detail-a	0.2693
kenney/modular-dungeon-kit/template-floor-detail	0.2693
kenney/modular-dungeon-kit/template-floor-layer-hole	0.4356
kenney/modular-dungeon-kit/template-floor-layer-raised	0.4848
kenney/modular-dungeon-kit/template-floor-layer	0.3095
kenney/modular-dungeon-kit/template-floor	0.2691
kenney/modular-dungeon-kit/template-wall-corner	0.0816
kenney/modular-dungeon-kit/template-wall-detail-a	0.5541
kenney/modular-dungeon-kit/template-wall-half	0.3056
kenney/modular-dungeon-kit/template-wall-stairs	0.2898
kenney/modular-dungeon-kit/template-wall-top	0.5046
kenney/modular-dungeon-kit/template-wall	0.5568
kenney/modular-space-kit/cables	0.0839
kenney/modular-space-kit/corridor-corner	0.5361
kenney/modular-space-kit/corridor-end	0.8857
kenney/modular-space-kit/corridor-intersection	0.4122
kenney/modular-space-kit/corridor-junction	0.6149
kenney/modular-space-kit/corridor-transition	0.5064
kenney/modular-space-kit/corridor-wide-corner	0.4269
kenney/modular-space-kit/corridor-wide-end	0.5759
kenney/modular-space-kit/corridor-wide-intersection	0.2986
kenney/modular-space-kit/corridor-wide-junction	0.3668
kenney/modular-space-kit/corridor-wide	0.5759
kenney/modular-space-kit/corridor	0.8834
kenney/modular-space-kit/gate-door-window	0.5498
kenney/modular-space-kit/gate-door	0.5688
kenney/modular-space-kit/gate-lasers	0.4419
kenney/modular-space-kit/gate	0.4053
kenney/modular-space-kit/room-corner	0.4636
kenney/modular-space-kit/room-large-variation	0.3234
kenney/modular-space-kit/room-large	0.3946
kenney/modular-space-kit/room-small-variation	0.4207
kenney/modular-space-kit/room-small	0.4541
kenney/modular-space-kit/room-wide-variation	0.2775
kenney/modular-space-kit/room-wide	0.2713
kenney/modular-space-kit/stairs-wide	0.7070
kenney/modular-space-kit/stairs	0.5437
kenney/modular-space-kit/template-corner	0.5023
kenney/modular-space-kit/template-detail	0.1673
kenney/modular-space-kit/template-floor-big	0.2892
kenney/modular-space-kit/template-floor-detail-a	0.2691
kenney/modular-space-kit/template-floor-detail	0.2692
kenney/modular-space-kit/template-floor-layer-hole	0.5456
kenney/modular-space-kit/template-floor-layer-raised	0.5716
kenney/modular-space-kit/template-floor-layer	0.3130
kenney/modular-space-kit/template-floor	0.2691
kenney/modular-space-kit/template-wall-corner	0.0728
kenney/modular-space-kit/template-wall-detail-a	0.5428
kenney/modular-space-kit/template-wall-half	0.3047
kenney/modular-space-kit/template-wall-stairs	0.2708
kenney/modular-space-kit/template-wall-top	0.4880
kenney/modular-space-kit/template-wall	0.5352
kenney/nature-kit/bed	0.1948
kenney/nature-kit/bed_floor	0.1567
kenney/nature-kit/bridge_center_stone	0.4568
kenney/nature-kit/bridge_center_stoneRound	0.3720
kenney/nature-kit/bridge_center_wood	0.4568
kenney/nature-kit/bridge_center_woodRound	0.3720
kenney/nature-kit/bridge_side_stone	0.4366
kenney/nature-kit/bridge_side_stoneRound	0.3870
kenney/nature-kit/bridge_side_wood	0.4386
kenney/nature-kit/bridge_side_woodRound	0.3889
kenney/nature-kit/bridge_stone	0.4418
kenney/nature-kit/bridge_stoneNarrow	0.3797
kenney/nature-kit/bridge_stoneRound	0.4426
kenney/nature-kit/bridge_stoneRoundNarrow	0.3823
kenney/nature-kit/bridge_wood	0.4444
kenney/nature-kit/bridge_woodNarrow	0.3832
kenney/nature-kit/bridge_woodRound	0.4452
kenney/nature-kit/bridge_woodRoundNarrow	0.3859
kenney/nature-kit/cactus_short	0.2413
kenney/nature-kit/cactus_tall	0.2138
kenney/nature-kit/campfire_bricks	0.1957
kenney/nature-kit/campfire_logs	0.3409
kenney/nature-kit/campfire_planks	0.2283
kenney/nature-kit/campfire_stones	0.1859
kenney/nature-kit/canoe	0.0861
kenney/nature-kit/canoe_paddle	0.0318
kenney/nature-kit/cliff_blockCave_rock	0.8696
kenney/nature-kit/cliff_blockCave_stone	0.8696
kenney/nature-kit/cliff_blockDiagonal_rock	0.8538
kenney/nature-kit/cliff_blockDiagonal_stone	0.8538
kenney/nature-kit/cliff_blockHalf_rock	0.6438
kenney/nature-kit/cliff_blockHalf_stone	0.6438
kenney/nature-kit/cliff_blockQuarter_rock	0.4563
kenney/nature-kit/cliff_blockQuarter_stone	0.4563
kenney/nature-kit/cliff_blockSlopeHalfWalls_rock	0.6438
kenney/nature-kit/cliff_blockSlopeHalfWalls_stone	0.6438
kenney/nature-kit/cliff_blockSlopeWalls_rock	0.9586
kenney/nature-kit/cliff_blockSlopeWalls_stone	0.9586
kenney/nature-kit/cliff_blockSlope_rock	0.6682
kenney/nature-kit/cliff_blockSlope_stone	0.6682
kenney/nature-kit/cliff_block_rock	0.9586
kenney/nature-kit/cliff_block_stone	0.9586
kenney/nature-kit/cliff_cave_rock	0.4097
kenney/nature-kit/cliff_cave_stone	0.4097
kenney/nature-kit/cliff_cornerInnerLarge_rock	0.8840
kenney/nature-kit/cliff_cornerInnerLarge_stone	0.8840
kenney/nature-kit/cliff_cornerInnerTop_rock	0.7832
kenney/nature-kit/cliff_cornerInnerTop_stone	0.7832
kenney/nature-kit/cliff_cornerInner_rock	0.7832
kenney/nature-kit/cliff_cornerInner_stone	0.7832
kenney/nature-kit/cliff_cornerLarge_rock	0.3918
kenney/nature-kit/cliff_cornerLarge_stone	0.3918
kenney/nature-kit/cliff_cornerTop_rock	0.1572
kenney/nature-kit/cliff_cornerTop_stone	0.1572
kenney/nature-kit/cliff_corner_rock	0.1463
kenney/nature-kit/cliff_corner_stone	0.1463
kenney/nature-kit/cliff_diagonal_rock	0.6802
kenney/nature-kit/cliff_diagonal_stone	0.6802
kenney/nature-kit/cliff_halfCornerInner_rock	0.5393
kenney/nature-kit/cliff_halfCornerInner_stone	0.5393
kenney/nature-kit/cliff_halfCorner_rock	0.6439
kenney/nature-kit/cliff_halfCorner_stone	0.6439
kenney/nature-kit/cliff_half_rock	0.4082
kenney/nature-kit/cliff_half_stone	0.4082
kenney/nature-kit/cliff_large_rock	0.7479
kenney/nature-kit/cliff_large_stone	0.7479
kenney/nature-kit/cliff_rock	0.5987
kenney/nature-kit/cliff_stepsCornerInner_rock	0.9586
kenney/nature-kit/cliff_stepsCornerInner_stone	0.9586
kenney/nature-kit/cliff_stepsCorner_rock	0.6656
kenney/nature-kit/cliff_stepsCorner_stone	0.6656
kenney/nature-kit/cliff_steps_rock	0.8163
kenney/nature-kit/cliff_steps_stone	0.8163
kenney/nature-kit/cliff_stone	0.5987
kenney/nature-kit/cliff_topDiagonal_rock	0.6258
kenney/nature-kit/cliff_topDiagonal_stone	0.6258
kenney/nature-kit/cliff_top_rock	0.6013
kenney/nature-kit/cliff_top_stone	0.6013
kenney/nature-kit/cliff_waterfallTop_rock	0.5873
kenney/nature-kit/cliff_waterfallTop_stone	0.5873
kenney/nature-kit/cliff_waterfall_rock	0.5978
kenney/nature-kit/cliff_waterfall_stone	0.5978
kenney/nature-kit/crops_bambooStageA	0.2070
kenney/nature-kit/crops_bambooStageB	0.1499
kenney/nature-kit/crops_cornStageA	0.1376
kenney/nature-kit/crops_cornStageB	0.0603
kenney/nature-kit/crops_cornStageC	0.0479
kenney/nature-kit/crops_cornStageD	0.0677
kenney/nature-kit/crops_dirtDoubleRow	0.2267
kenney/nature-kit/crops_dirtDoubleRowCorner	0.2172
kenney/nature-kit/crops_dirtDoubleRowEnd	0.1411
kenney/nature-kit/crops_dirtRow	0.1695
kenney/nature-kit/crops_dirtRowCorner	0.2251
kenney/nature-kit/crops_dirtRowEnd	0.2398
kenney/nature-kit/crops_dirtSingle	0.2267
kenney/nature-kit/crops_leafsStageA	0.1745
kenney/nature-kit/crops_leafsStageB	0.0925
kenney/nature-kit/crops_wheatStageA	0.1938
kenney/nature-kit/crops_wheatStageB	0.3164
kenney/nature-kit/crop_carrot	0.1083
kenney/nature-kit/crop_melon	0.5613
kenney/nature-kit/crop_pumpkin	0.4220
kenney/nature-kit/crop_turnip	0.1108
kenney/nature-kit/fence_bend	0.1143
kenney/nature-kit/fence_bendCenter	0.1275
kenney/nature-kit/fence_corner	0.1315
kenney/nature-kit/fence_gate	0.1482
kenney/nature-kit/fence_planks	0.1037
kenney/nature-kit/fence_planksDouble	0.1224
kenney/nature-kit/fence_simple	0.1042
kenney/nature-kit/fence_simpleCenter	0.1163
kenney/nature-kit/fence_simpleDiagonal	0.1124
kenney/nature-kit/fence_simpleDiagonalCenter	0.1247
kenney/nature-kit/fence_simpleHigh	0.0813
kenney/nature-kit/fence_simpleLow	0.0651
kenney/nature-kit/flower_purpleA	0.2445
kenney/nature-kit/flower_purpleB	0.2714
kenney/nature-kit/flower_purpleC	0.3795
kenney/nature-kit/flower_redA	0.1836
kenney/nature-kit/flower_redB	0.2517
kenney/nature-kit/flower_redC	0.2595
kenney/nature-kit/flower_yellowA	0.3532
kenney/nature-kit/flower_yellowB	0.2209
kenney/nature-kit/flower_yellowC	0.3451
kenney/nature-kit/grass	0.1283
kenney/nature-kit/grass_large	0.1753
kenney/nature-kit/grass_leafs	0.2659
kenney/nature-kit/grass_leafsLarge	0.2778
kenney/nature-kit/ground_grass	0.2691
kenney/nature-kit/ground_pathBend	0.2652
kenney/nature-kit/ground_pathBendBank	0.2652
kenney/nature-kit/ground_pathCorner	0.2634
kenney/nature-kit/ground_pathCornerSmall	0.2797
kenney/nature-kit/ground_pathCross	0.2695
kenney/nature-kit/ground_pathEnd	0.2564
kenney/nature-kit/ground_pathEndClosed	0.2564
kenney/nature-kit/ground_pathOpen	0.2690
kenney/nature-kit/ground_pathRocks	0.2690
kenney/nature-kit/ground_pathSide	0.2443
kenney/nature-kit/ground_pathSideOpen	0.2816
kenney/nature-kit/ground_pathSplit	0.2570
kenney/nature-kit/ground_pathStraight	0.2690
kenney/nature-kit/ground_pathTile	0.2689
kenney/nature-kit/ground_riverBend	0.2654
kenney/nature-kit/ground_riverBendBank	0.2654
kenney/nature-kit/ground_riverCorner	0.2635
kenney/nature-kit/ground_riverCornerSmall	0.2797
kenney/nature-kit/ground_riverCross	0.2695
kenney/nature-kit/ground_riverEnd	0.2564
kenney/nature-kit/ground_riverEndClosed	0.2564
kenney/nature-kit/ground_riverOpen	0.2690
kenney/nature-kit/ground_riverRocks	0.2690
kenney/nature-kit/ground_riverSide	0.2443
kenney/nature-kit/ground_riverSideOpen	0.2816
kenney/nature-kit/ground_riverSplit	0.2570
kenney/nature-kit/ground_riverStraight	0.2690
kenney/nature-kit/ground_riverTile	0.2689
kenney/nature-kit/hanging_moss	0.1330
kenney/nature-kit/lily_large	0.2255
kenney/nature-kit/lily_small	0.2570
kenney/nature-kit/log	0.1514
kenney/nature-kit/log_large	0.2568
kenney/nature-kit/log_stack	0.3428
kenney/nature-kit/log_stackLarge	0.4673
kenney/nature-kit/mushroom_red	0.4268
kenney/nature-kit/mushroom_redGroup	0.3024
kenney/nature-kit/mushroom_redTall	0.1579
kenney/nature-kit/mushroom_tan	0.3110
kenney/nature-kit/mushroom_tanGroup	0.3024
kenney/nature-kit/mushroom_tanTall	0.1579
kenney/nature-kit/path_stone	0.1081
kenney/nature-kit/path_stoneCircle	0.1714
kenney/nature-kit/path_stoneCorner	0.1369
kenney/nature-kit/path_stoneEnd	0.1629
kenney/nature-kit/path_wood	0.1498
kenney/nature-kit/path_woodCorner	0.1502
kenney/nature-kit/path_woodEnd	0.2358
kenney/nature-kit/plant_bush	0.1744
kenney/nature-kit/plant_bushDetailed	0.1554
kenney/nature-kit/plant_bushLarge	0.2935
kenney/nature-kit/plant_bushLargeTriangle	0.1205
kenney/nature-kit/plant_bushSmall	0.1409
kenney/nature-kit/plant_bushTriangle	0.1845
kenney/nature-kit/plant_flatShort	0.2503
kenney/nature-kit/plant_flatTall	0.2955
kenney/nature-kit/platform_beach	0.1699
kenney/nature-kit/platform_grass	0.1715
kenney/nature-kit/platform_stone	0.1699
kenney/nature-kit/pot_large	0.3198
kenney/nature-kit/pot_small	0.5111
kenney/nature-kit/rock_largeA	0.2288
kenney/nature-kit/rock_largeB	0.3081
kenney/nature-kit/rock_largeC	0.2626
kenney/nature-kit/rock_largeD	0.3589
kenney/nature-kit/rock_largeE	0.2282
kenney/nature-kit/rock_largeF	0.2693
kenney/nature-kit/rock_smallA	0.3030
kenney/nature-kit/rock_smallB	0.3948
kenney/nature-kit/rock_smallC	0.2363
kenney/nature-kit/rock_smallD	0.3699
kenney/nature-kit/rock_smallE	0.4004
kenney/nature-kit/rock_smallF	0.3738
kenney/nature-kit/rock_smallFlatA	0.2140
kenney/nature-kit/rock_smallFlatB	0.2248
kenney/nature-kit/rock_smallFlatC	0.1905
kenney/nature-kit/rock_smallG	0.3155
kenney/nature-kit/rock_smallH	0.5550
kenney/nature-kit/rock_smallI	0.4397
kenney/nature-kit/rock_smallTopA	0.3124
kenney/nature-kit/rock_smallTopB	0.2817
kenney/nature-kit/rock_tallA	0.3992
kenney/nature-kit/rock_tallB	0.4153
kenney/nature-kit/rock_tallC	0.2864
kenney/nature-kit/rock_tallD	0.2118
kenney/nature-kit/rock_tallE	0.4499
kenney/nature-kit/rock_tallF	0.4836
kenney/nature-kit/rock_tallG	0.3255
kenney/nature-kit/rock_tallH	0.4666
kenney/nature-kit/rock_tallI	0.2925
kenney/nature-kit/rock_tallJ	0.4707
kenney/nature-kit/sign	0.2310
kenney/nature-kit/statue_block	0.8812
kenney/nature-kit/statue_column	0.2288
kenney/nature-kit/statue_columnDamaged	0.2888
kenney/nature-kit/statue_head	0.3681
kenney/nature-kit/statue_obelisk	0.1671
kenney/nature-kit/statue_ring	0.4459
kenney/nature-kit/stone_largeA	0.2288
kenney/nature-kit/stone_largeB	0.3081
kenney/nature-kit/stone_largeC	0.2626
kenney/nature-kit/stone_largeD	0.3589
kenney/nature-kit/stone_largeE	0.2282
kenney/nature-kit/stone_largeF	0.2693
kenney/nature-kit/stone_smallA	0.3030
kenney/nature-kit/stone_smallB	0.3948
kenney/nature-kit/stone_smallC	0.2363
kenney/nature-kit/stone_smallD	0.3699
kenney/nature-kit/stone_smallE	0.4004
kenney/nature-kit/stone_smallF	0.3738
kenney/nature-kit/stone_smallFlatA	0.2140
kenney/nature-kit/stone_smallFlatB	0.2248
kenney/nature-kit/stone_smallFlatC	0.1905
kenney/nature-kit/stone_smallG	0.3155
kenney/nature-kit/stone_smallH	0.5550
kenney/nature-kit/stone_smallI	0.4397
kenney/nature-kit/stone_smallTopA	0.3124
kenney/nature-kit/stone_smallTopB	0.2817
kenney/nature-kit/stone_tallA	0.3992
kenney/nature-kit/stone_tallB	0.4153
kenney/nature-kit/stone_tallC	0.2864
kenney/nature-kit/stone_tallD	0.2118
kenney/nature-kit/stone_tallE	0.4499
kenney/nature-kit/stone_tallF	0.4820
kenney/nature-kit/stone_tallG	0.3401
kenney/nature-kit/stone_tallH	0.4666
kenney/nature-kit/stone_tallI	0.2925
kenney/nature-kit/stone_tallJ	0.4707
kenney/nature-kit/stump_old	0.4121
kenney/nature-kit/stump_oldTall	0.2606
kenney/nature-kit/stump_round	0.4041
kenney/nature-kit/stump_roundDetailed	0.4175
kenney/nature-kit/stump_square	0.5660
kenney/nature-kit/stump_squareDetailed	0.3577
kenney/nature-kit/stump_squareDetailedWide	0.2039
kenney/nature-kit/tent_detailedClosed	0.3652
kenney/nature-kit/tent_detailedOpen	0.3475
kenney/nature-kit/tent_smallClosed	0.6103
kenney/nature-kit/tent_smallOpen	0.5363
kenney/nature-kit/tree_blocks	0.2876
kenney/nature-kit/tree_blocks_dark	0.2876
kenney/nature-kit/tree_blocks_fall	0.2876
kenney/nature-kit/tree_cone	0.1320
kenney/nature-kit/tree_cone_dark	0.1320
kenney/nature-kit/tree_cone_fall	0.1320
kenney/nature-kit/tree_default	0.1405
kenney/nature-kit/tree_default_dark	0.1405
kenney/nature-kit/tree_default_fall	0.1405
kenney/nature-kit/tree_detailed	0.2173
kenney/nature-kit/tree_detailed_dark	0.2173
kenney/nature-kit/tree_detailed_fall	0.2173
kenney/nature-kit/tree_fat	0.2668
kenney/nature-kit/tree_fat_darkh	0.2668
kenney/nature-kit/tree_fat_fall	0.2668
kenney/nature-kit/tree_oak	0.2351
kenney/nature-kit/tree_oak_dark	0.2351
kenney/nature-kit/tree_oak_fall	0.2351
kenney/nature-kit/tree_palm	0.0942
kenney/nature-kit/tree_palmBend	0.1274
kenney/nature-kit/tree_palmDetailedShort	0.2359
kenney/nature-kit/tree_palmDetailedTall	0.1596
kenney/nature-kit/tree_palmShort	0.1996
kenney/nature-kit/tree_palmTall	0.1376
kenney/nature-kit/tree_pineDefaultA	0.0905
kenney/nature-kit/tree_pineDefaultB	0.0902
kenney/nature-kit/tree_pineGroundA	0.2161
kenney/nature-kit/tree_pineGroundB	0.1860
kenney/nature-kit/tree_pineRoundA	0.1564
kenney/nature-kit/tree_pineRoundB	0.1717
kenney/nature-kit/tree_pineRoundC	0.1472
kenney/nature-kit/tree_pineRoundD	0.1703
kenney/nature-kit/tree_pineRoundE	0.1234
kenney/nature-kit/tree_pineRoundF	0.1235
kenney/nature-kit/tree_pineSmallA	0.2361
kenney/nature-kit/tree_pineSmallB	0.1693
kenney/nature-kit/tree_pineSmallC	0.1572
kenney/nature-kit/tree_pineSmallD	0.1871
kenney/nature-kit/tree_pineTallA	0.0866
kenney/nature-kit/tree_pineTallA_detailed	0.0898
kenney/nature-kit/tree_pineTallB	0.0609
kenney/nature-kit/tree_pineTallB_detailed	0.0632
kenney/nature-kit/tree_pineTallC	0.0845
kenney/nature-kit/tree_pineTallC_detailed	0.0869
kenney/nature-kit/tree_pineTallD	0.0607
kenney/nature-kit/tree_pineTallD_detailed	0.0623
kenney/nature-kit/tree_plateau	0.1821
kenney/nature-kit/tree_plateau_dark	0.1821
kenney/nature-kit/tree_plateau_fall	0.1821
kenney/nature-kit/tree_simple	0.0816
kenney/nature-kit/tree_simple_dark	0.0816
kenney/nature-kit/tree_simple_fall	0.0816
kenney/nature-kit/tree_small	0.1517
kenney/nature-kit/tree_small_dark	0.1517
kenney/nature-kit/tree_small_fall	0.1517
kenney/nature-kit/tree_tall	0.1121
kenney/nature-kit/tree_tall_dark	0.1121
kenney/nature-kit/tree_tall_fall	0.1121
kenney/nature-kit/tree_thin	0.1225
kenney/nature-kit/tree_thin_dark	0.1225
kenney/nature-kit/tree_thin_fall	0.1225
kenney/pirate-kit/barrel	0.6340
kenney/pirate-kit/boat-row-large	0.2151
kenney/pirate-kit/boat-row-small	0.1994
kenney/pirate-kit/bottle-large	0.3139
kenney/pirate-kit/bottle	0.2385
kenney/pirate-kit/cannon-ball	0.4632
kenney/pirate-kit/cannon-mobile	0.4308
kenney/pirate-kit/cannon	0.3387
kenney/pirate-kit/castle-door	0.4784
kenney/pirate-kit/castle-gate	0.7339
kenney/pirate-kit/castle-wall	0.4749
kenney/pirate-kit/castle-window	0.4749
kenney/pirate-kit/chest	0.7662
kenney/pirate-kit/crate-bottles	0.6321
kenney/pirate-kit/crate	0.5849
kenney/pirate-kit/flag-high-pennant	0.0586
kenney/pirate-kit/flag-high	0.0698
kenney/pirate-kit/flag-pennant	0.1360
kenney/pirate-kit/flag-pirate-high-pennant	0.0587
kenney/pirate-kit/flag-pirate-high	0.0699
kenney/pirate-kit/flag-pirate-pennant	0.1360
kenney/pirate-kit/flag-pirate	0.1695
kenney/pirate-kit/flag	0.1695
kenney/pirate-kit/grass-patch	0.2456
kenney/pirate-kit/grass-plant	0.2698
kenney/pirate-kit/grass	0.2932
kenney/pirate-kit/hole	0.2030
kenney/pirate-kit/mast-ropes	0.0809
kenney/pirate-kit/mast	0.0630
kenney/pirate-kit/palm-bend	0.1660
kenney/pirate-kit/palm-detailed-bend	0.1982
kenney/pirate-kit/palm-detailed-straight	0.1827
kenney/pirate-kit/palm-straight	0.1531
kenney/pirate-kit/patch-grass-foliage	0.1593
kenney/pirate-kit/patch-grass	0.1587
kenney/pirate-kit/patch-sand-foliage	0.1614
kenney/pirate-kit/patch-sand	0.1598
kenney/pirate-kit/platform-planks	0.2054
kenney/pirate-kit/platform	0.3230
kenney/pirate-kit/rocks-a	0.2801
kenney/pirate-kit/rocks-b	0.3385
kenney/pirate-kit/rocks-c	0.3723
kenney/pirate-kit/rocks-sand-a	0.2796
kenney/pirate-kit/rocks-sand-b	0.3466
kenney/pirate-kit/rocks-sand-c	0.3650
kenney/pirate-kit/ship-ghost	0.3300
kenney/pirate-kit/ship-large	0.2548
kenney/pirate-kit/ship-medium	0.3360
kenney/pirate-kit/ship-pirate-large	0.2505
kenney/pirate-kit/ship-pirate-medium	0.3299
kenney/pirate-kit/ship-pirate-small	0.2601
kenney/pirate-kit/ship-small	0.2642
kenney/pirate-kit/ship-wreck	0.2164
kenney/pirate-kit/structure-fence-sides	0.7247
kenney/pirate-kit/structure-fence	0.6497
kenney/pirate-kit/structure-platform-dock-small	0.3822
kenney/pirate-kit/structure-platform-dock	0.4344
kenney/pirate-kit/structure-platform-small	0.3405
kenney/pirate-kit/structure-platform	0.3978
kenney/pirate-kit/structure-roof	0.4576
kenney/pirate-kit/structure	0.5541
kenney/pirate-kit/tool-paddle	0.0840
kenney/pirate-kit/tool-shovel	0.0997
kenney/pirate-kit/tower-base-door	0.4728
kenney/pirate-kit/tower-base	0.5796
kenney/pirate-kit/tower-complete-large	0.1746
kenney/pirate-kit/tower-complete-small	0.3360
kenney/pirate-kit/tower-middle-windows	0.5673
kenney/pirate-kit/tower-middle	0.5905
kenney/pirate-kit/tower-roof	0.4072
kenney/pirate-kit/tower-top	0.6591
kenney/pirate-kit/tower-watch	0.7797
kenney/platformer-kit/arrow	0.2218
kenney/platformer-kit/arrows	0.1705
kenney/platformer-kit/barrel	0.6340
kenney/platformer-kit/block-grass-corner-low	0.4016
kenney/platformer-kit/block-grass-corner-overhang-low	0.4096
kenney/platformer-kit/block-grass-corner-overhang	0.6267
kenney/platformer-kit/block-grass-corner	0.6186
kenney/platformer-kit/block-grass-curve-half	0.8411
kenney/platformer-kit/block-grass-curve-low	0.2030
kenney/platformer-kit/block-grass-curve	0.3409
kenney/platformer-kit/block-grass-edge	0.6935
kenney/platformer-kit/block-grass-hexagon	0.5880
kenney/platformer-kit/block-grass-large-slope-narrow	0.2849
kenney/platformer-kit/block-grass-large-slope-steep-narrow	0.4042
kenney/platformer-kit/block-grass-large-slope-steep	0.5653
kenney/platformer-kit/block-grass-large-slope	0.4693
kenney/platformer-kit/block-grass-large-tall	0.9330
kenney/platformer-kit/block-grass-large	0.6067
kenney/platformer-kit/block-grass-long	0.4054
kenney/platformer-kit/block-grass-low-hexagon	0.3706
kenney/platformer-kit/block-grass-low-large	0.4269
kenney/platformer-kit/block-grass-low-long	0.2636
kenney/platformer-kit/block-grass-low-narrow	0.5700
kenney/platformer-kit/block-grass-low	0.5268
kenney/platformer-kit/block-grass-narrow	0.5775
kenney/platformer-kit/block-grass-overhang-corner	0.8351
kenney/platformer-kit/block-grass-overhang-edge	0.7047
kenney/platformer-kit/block-grass-overhang-hexagon	0.5922
kenney/platformer-kit/block-grass-overhang-large-slope-narrow	0.2815
kenney/platformer-kit/block-grass-overhang-large-slope-steep-narrow	0.3759
kenney/platformer-kit/block-grass-overhang-large-slope-steep	0.5873
kenney/platformer-kit/block-grass-overhang-large-slope	0.4929
kenney/platformer-kit/block-grass-overhang-large-tall	0.9330
kenney/platformer-kit/block-grass-overhang-large	0.6067
kenney/platformer-kit/block-grass-overhang-long	0.4082
kenney/platformer-kit/block-grass-overhang-low-hexagon	0.3748
kenney/platformer-kit/block-grass-overhang-low-large	0.4269
kenney/platformer-kit/block-grass-overhang-low-long	0.2665
kenney/platformer-kit/block-grass-overhang-low-narrow	0.5915
kenney/platformer-kit/block-grass-overhang-low	0.5370
kenney/platformer-kit/block-grass-overhang-narrow	0.5902
kenney/platformer-kit/block-grass	0.8250
kenney/platformer-kit/block-moving-blue	0.6405
kenney/platformer-kit/block-moving-large	0.6399
kenney/platformer-kit/block-moving	0.4919
kenney/platformer-kit/block-snow-corner-low	0.4016
kenney/platformer-kit/block-snow-corner-overhang-low	0.4029
kenney/platformer-kit/block-snow-corner-overhang	0.6200
kenney/platformer-kit/block-snow-corner	0.6186
kenney/platformer-kit/block-snow-curve-half	0.8411
kenney/platformer-kit/block-snow-curve-low	0.2030
kenney/platformer-kit/block-snow-curve	0.3409
kenney/platformer-kit/block-snow-edge	0.6935
kenney/platformer-kit/block-snow-hexagon	0.5880
kenney/platformer-kit/block-snow-large-slope-narrow	0.2849
kenney/platformer-kit/block-snow-large-slope-steep-narrow	0.4042
kenney/platformer-kit/block-snow-large-slope-steep	0.5653
kenney/platformer-kit/block-snow-large-slope	0.4693
kenney/platformer-kit/block-snow-large-tall	0.9330
kenney/platformer-kit/block-snow-large	0.6067
kenney/platformer-kit/block-snow-long	0.4054
kenney/platformer-kit/block-snow-low-hexagon	0.3706
kenney/platformer-kit/block-snow-low-large	0.4269
kenney/platformer-kit/block-snow-low-long	0.2636
kenney/platformer-kit/block-snow-low-narrow	0.5700
kenney/platformer-kit/block-snow-low	0.5268
kenney/platformer-kit/block-snow-narrow	0.5775
kenney/platformer-kit/block-snow-overhang-corner	0.8250
kenney/platformer-kit/block-snow-overhang-edge	0.6935
kenney/platformer-kit/block-snow-overhang-hexagon	0.5881
kenney/platformer-kit/block-snow-overhang-large-slope-narrow	0.2853
kenney/platformer-kit/block-snow-overhang-large-slope-steep-narrow	0.4043
kenney/platformer-kit/block-snow-overhang-large-slope-steep	0.5741
kenney/platformer-kit/block-snow-overhang-large-slope	0.4782
kenney/platformer-kit/block-snow-overhang-large-tall	0.9330
kenney/platformer-kit/block-snow-overhang-large	0.6067
kenney/platformer-kit/block-snow-overhang-long	0.4054
kenney/platformer-kit/block-snow-overhang-low-hexagon	0.3707
kenney/platformer-kit/block-snow-overhang-low-large	0.4269
kenney/platformer-kit/block-snow-overhang-low-long	0.2636
kenney/platformer-kit/block-snow-overhang-low-narrow	0.5700
kenney/platformer-kit/block-snow-overhang-low	0.5268
kenney/platformer-kit/block-snow-overhang-narrow	0.5775
kenney/platformer-kit/block-snow	0.8250
kenney/platformer-kit/bomb	0.3881
kenney/platformer-kit/brick	0.9311
kenney/platformer-kit/button-round	0.2518
kenney/platformer-kit/button-square	0.3833
kenney/platformer-kit/character-oobi	0.3986
kenney/platformer-kit/character-oodi	0.3989
kenney/platformer-kit/character-ooli	0.3986
kenney/platformer-kit/character-oopi	0.3986
kenney/platformer-kit/character-oozi	0.3988
kenney/platformer-kit/chest	0.7662
kenney/platformer-kit/coin-bronze	0.5826
kenney/platformer-kit/coin-gold	0.5826
kenney/platformer-kit/coin-silver	0.5826
kenney/platformer-kit/conveyor-belt	0.4419
kenney/platformer-kit/crate-item-strong	0.9113
kenney/platformer-kit/crate-item	0.9159
kenney/platformer-kit/crate-strong	0.9113
kenney/platformer-kit/crate	0.9585
kenney/platformer-kit/door-large-open	0.4116
kenney/platformer-kit/door-open	0.2570
kenney/platformer-kit/door-rotate-large	0.5577
kenney/platformer-kit/door-rotate	0.3675
kenney/platformer-kit/fence-broken	0.1214
kenney/platformer-kit/fence-corner-curved	0.2090
kenney/platformer-kit/fence-corner	0.2323
kenney/platformer-kit/fence-low-broken	0.1406
kenney/platformer-kit/fence-low-corner-curved	0.1830
kenney/platformer-kit/fence-low-corner	0.2086
kenney/platformer-kit/fence-low-straight	0.1467
kenney/platformer-kit/fence-rope	0.1063
kenney/platformer-kit/fence-straight	0.1619
kenney/platformer-kit/flag	0.1215
kenney/platformer-kit/flowers-tall	0.2413
kenney/platformer-kit/flowers	0.1634
kenney/platformer-kit/grass	0.2932
kenney/platformer-kit/heart	0.3441
kenney/platformer-kit/hedge-corner	0.4105
kenney/platformer-kit/hedge	0.2921
kenney/platformer-kit/jewel	0.2860
kenney/platformer-kit/key	0.2364
kenney/platformer-kit/ladder-broken	0.2164
kenney/platformer-kit/ladder-long	0.1067
kenney/platformer-kit/ladder	0.2254
kenney/platformer-kit/lever	0.4578
kenney/platformer-kit/lock	0.5535
kenney/platformer-kit/mushrooms	0.2459
kenney/platformer-kit/pipe	0.5004
kenney/platformer-kit/plant	0.1626
kenney/platformer-kit/platform-fortified	0.3454
kenney/platformer-kit/platform-overhang	0.2113
kenney/platformer-kit/platform-ramp	0.4752
kenney/platformer-kit/platform	0.3414
kenney/platformer-kit/poles	0.4786
kenney/platformer-kit/rocks	0.4202
kenney/platformer-kit/saw	0.3712
kenney/platformer-kit/sign	0.2851
kenney/platformer-kit/spike-block-wide	0.1457
kenney/platformer-kit/spike-block	0.3289
kenney/platformer-kit/spring	0.5066
kenney/platformer-kit/star	0.2700
kenney/platformer-kit/stones	0.1241
kenney/platformer-kit/trap-spikes-large	0.3715
kenney/platformer-kit/trap-spikes	0.3589
kenney/platformer-kit/tree-pine-small	0.1933
kenney/platformer-kit/tree-pine-snow-small	0.1933
kenney/platformer-kit/tree-pine-snow	0.1933
kenney/platformer-kit/tree-pine	0.1933
kenney/platformer-kit/tree-snow	0.2832
kenney/platformer-kit/tree	0.2832
kenney/prototype-kit/animal-bison	0.4507
kenney/prototype-kit/animal-dog	0.3081
kenney/prototype-kit/animal-horse	0.2970
kenney/prototype-kit/button-floor-round-small	0.3862
kenney/prototype-kit/button-floor-round	0.4161
kenney/prototype-kit/button-floor-square-small	0.4169
kenney/prototype-kit/button-floor-square	0.3436
kenney/prototype-kit/coin	0.5432
kenney/prototype-kit/column-low	0.3904
kenney/prototype-kit/column-rounded-low	0.3794
kenney/prototype-kit/column-rounded	0.1767
kenney/prototype-kit/column-triangle-low	0.3684
kenney/prototype-kit/column-triangle	0.1740
kenney/prototype-kit/column	0.1795
kenney/prototype-kit/crate-color	0.9585
kenney/prototype-kit/crate	0.9585
kenney/prototype-kit/door-garage	0.3177
kenney/prototype-kit/door-rotate	0.3548
kenney/prototype-kit/door-sliding-double-round	0.3143
kenney/prototype-kit/door-sliding-double-wide	0.2390
kenney/prototype-kit/door-sliding-double	0.3967
kenney/prototype-kit/door-sliding	0.4146
kenney/prototype-kit/figurine-cube-detailed	0.4282
kenney/prototype-kit/figurine-cube	0.4136
kenney/prototype-kit/figurine-large	0.3665
kenney/prototype-kit/figurine	0.3357
kenney/prototype-kit/flag	0.1117
kenney/prototype-kit/floor-diagonal	0.1345
kenney/prototype-kit/floor-small-diagonal	0.1345
kenney/prototype-kit/floor-small-square	0.2690
kenney/prototype-kit/floor-square	0.2690
kenney/prototype-kit/floor-thick-corner-diagonal	0.3312
kenney/prototype-kit/floor-thick-corner-round	0.3593
kenney/prototype-kit/floor-thick-corner-rounded	0.4161
kenney/prototype-kit/floor-thick	0.4188
kenney/prototype-kit/hat-cap	0.3901
kenney/prototype-kit/hat-hard	0.4398
kenney/prototype-kit/indicator-doorway	0.1157
kenney/prototype-kit/indicator-round-a	0.2337
kenney/prototype-kit/indicator-round-b	0.0757
kenney/prototype-kit/indicator-round-c	0.0940
kenney/prototype-kit/indicator-round-d	0.1764
kenney/prototype-kit/indicator-round-e	0.2325
kenney/prototype-kit/indicator-round-f	0.1577
kenney/prototype-kit/indicator-special-area	0.1434
kenney/prototype-kit/indicator-special-arrow	0.1097
kenney/prototype-kit/indicator-special-cross	0.1554
kenney/prototype-kit/indicator-special-lines	0.1355
kenney/prototype-kit/indicator-square-a	0.0940
kenney/prototype-kit/indicator-square-b	0.0721
kenney/prototype-kit/indicator-square-c	0.0395
kenney/prototype-kit/indicator-square-d	0.2907
kenney/prototype-kit/indicator-square-e	0.0313
kenney/prototype-kit/indicator-square-f	0.2893
kenney/prototype-kit/ladder-color	0.1751
kenney/prototype-kit/ladder-top	0.3492
kenney/prototype-kit/ladder	0.1751
kenney/prototype-kit/lever-double	0.4873
kenney/prototype-kit/lever-single	0.3525
kenney/prototype-kit/number-0	0.4587
kenney/prototype-kit/number-1	0.3381
kenney/prototype-kit/number-2	0.4398
kenney/prototype-kit/number-3	0.4423
kenney/prototype-kit/number-4	0.4178
kenney/prototype-kit/number-5	0.4422
kenney/prototype-kit/number-6	0.4457
kenney/prototype-kit/number-7	0.3425
kenney/prototype-kit/number-8	0.4587
kenney/prototype-kit/number-9	0.3893
kenney/prototype-kit/number-double-0	0.4587
kenney/prototype-kit/number-double-1	0.3380
kenney/prototype-kit/number-double-2	0.4398
kenney/prototype-kit/number-double-3	0.4423
kenney/prototype-kit/number-double-4	0.4178
kenney/prototype-kit/number-double-5	0.4422
kenney/prototype-kit/number-double-6	0.4457
kenney/prototype-kit/number-double-7	0.3425
kenney/prototype-kit/number-double-8	0.4587
kenney/prototype-kit/number-double-9	0.3893
kenney/prototype-kit/pipe-corner	0.3329
kenney/prototype-kit/pipe-half-section	0.2902
kenney/prototype-kit/pipe-half	0.2533
kenney/prototype-kit/pipe-section	0.1288
kenney/prototype-kit/pipe-split	0.1752
kenney/prototype-kit/pipe	0.1195
kenney/prototype-kit/shape-cube-half	0.6438
kenney/prototype-kit/shape-cube-rounded	0.9221
kenney/prototype-kit/shape-cube	0.9586
kenney/prototype-kit/shape-cylinder-detailed	0.7916
kenney/prototype-kit/shape-cylinder-half-detailed	0.5815
kenney/prototype-kit/shape-cylinder-half	0.5784
kenney/prototype-kit/shape-cylinder	0.7874
kenney/prototype-kit/shape-hexagon-half	0.5671
kenney/prototype-kit/shape-hexagon	0.7700
kenney/prototype-kit/shape-hollow-cylinder-detailed	0.7916
kenney/prototype-kit/shape-hollow-cylinder-half-detailed	0.5583
kenney/prototype-kit/shape-hollow-cylinder-half	0.5555
kenney/prototype-kit/shape-hollow-cylinder	0.7873
kenney/prototype-kit/shape-hollow-hexagon-half	0.5549
kenney/prototype-kit/shape-hollow-hexagon	0.7700
kenney/prototype-kit/shape-slope	0.7732
kenney/prototype-kit/shape-triangular-prism-low	0.4309
kenney/prototype-kit/shape-triangular-prism	0.6975
kenney/prototype-kit/stairs-diagonal-narrow	0.4800
kenney/prototype-kit/stairs-diagonal-small-narrow	0.4482
kenney/prototype-kit/stairs-diagonal-small	0.6980
kenney/prototype-kit/stairs-diagonal	0.7174
kenney/prototype-kit/stairs-narrow	0.6231
kenney/prototype-kit/stairs-small-narrow	0.5913
kenney/prototype-kit/stairs-small	0.7976
kenney/prototype-kit/stairs	0.8171
kenney/prototype-kit/target-a-round	0.3865
kenney/prototype-kit/target-a-square	0.5249
kenney/prototype-kit/target-b-round	0.3864
kenney/prototype-kit/target-b-square	0.5249
kenney/prototype-kit/vehicle-convertible	0.3473
kenney/prototype-kit/vehicle	0.3839
kenney/prototype-kit/wall-corner-low	0.4688
kenney/prototype-kit/wall-corner-rounded-low	0.4659
kenney/prototype-kit/wall-corner-rounded	0.8134
kenney/prototype-kit/wall-corner	0.8134
kenney/prototype-kit/wall-diagonal-low	0.4480
kenney/prototype-kit/wall-diagonal	0.8227
kenney/prototype-kit/wall-doorway-garage	0.2329
kenney/prototype-kit/wall-doorway-round	0.1960
kenney/prototype-kit/wall-doorway-sliding	0.2805
kenney/prototype-kit/wall-doorway-wide-sliding	0.1167
kenney/prototype-kit/wall-doorway-wide	0.2567
kenney/prototype-kit/wall-doorway	0.4474
kenney/prototype-kit/wall-low	0.2795
kenney/prototype-kit/wall-round-low	0.4477
kenney/prototype-kit/wall-round	0.8222
kenney/prototype-kit/wall-window-barred-large	0.4856
kenney/prototype-kit/wall-window-barred-medium	0.4994
kenney/prototype-kit/wall-window-barred-small	0.4994
kenney/prototype-kit/wall-window-cutout-large	0.4494
kenney/prototype-kit/wall-window-cutout-medium	0.4827
kenney/prototype-kit/wall-window-cutout-small	0.4994
kenney/prototype-kit/wall-window-large	0.4788
kenney/prototype-kit/wall-window-medium	0.4994
kenney/prototype-kit/wall-window-small	0.4994
kenney/prototype-kit/wall	0.4995
kenney/prototype-kit/weapon-shield	0.2924
kenney/prototype-kit/weapon-sword	0.1607
kenney/prototype-kit/wheelchair	0.6723
kenney/racing-kit/bannerTowerGreen	0.1530
kenney/racing-kit/bannerTowerRed	0.1530
kenney/racing-kit/barrierRed	0.4341
kenney/racing-kit/barrierWall	0.0955
kenney/racing-kit/barrierWhite	0.4341
kenney/racing-kit/billboard	0.3605
kenney/racing-kit/billboardDouble_exclusive	0.4477
kenney/racing-kit/billboardLow	0.3355
kenney/racing-kit/billboardLower	0.2955
kenney/racing-kit/camera_exclusive	0.1406
kenney/racing-kit/fenceCurved	0.3738
kenney/racing-kit/fenceStraight	0.2584
kenney/racing-kit/flagCheckers	0.0416
kenney/racing-kit/flagCheckersSmall	0.1736
kenney/racing-kit/flagGreen	0.0416
kenney/racing-kit/flagRed	0.0416
kenney/racing-kit/flagTankco	0.0416
kenney/racing-kit/grandStand	0.6846
kenney/racing-kit/grandStandAwning	0.5636
kenney/racing-kit/grandStandCovered	0.7889
kenney/racing-kit/grandStandCoveredRound	0.7075
kenney/racing-kit/grandStandRound	0.4773
kenney/racing-kit/grass	0.2691
kenney/racing-kit/lightColored	0.0529
kenney/racing-kit/lightPostLarge	0.0446
kenney/racing-kit/lightPostModern	0.0282
kenney/racing-kit/lightPost_exclusive	0.0342
kenney/racing-kit/lightRed	0.0497
kenney/racing-kit/lightRedDouble	0.0780
kenney/racing-kit/overhead	0.1601
kenney/racing-kit/overheadLights	0.1598
kenney/racing-kit/overheadRound	0.1899
kenney/racing-kit/overheadRoundColored	0.1899
kenney/racing-kit/pitsGarage	0.7306
kenney/racing-kit/pitsGarageClosed	0.7306
kenney/racing-kit/pitsGarageCorner	0.6992
kenney/racing-kit/pitsOffice	0.6275
kenney/racing-kit/pitsOfficeCorner	0.6273
kenney/racing-kit/pitsOfficeRoof	0.7656
kenney/racing-kit/pylon	0.4679
kenney/racing-kit/raceCarGreen	0.1695
kenney/racing-kit/raceCarOrange	0.1695
kenney/racing-kit/raceCarRed	0.1695
kenney/racing-kit/raceCarWhite	0.1695
kenney/racing-kit/radarEquipment	0.3730
kenney/racing-kit/rail	0.0578
kenney/racing-kit/railDouble	0.1125
kenney/racing-kit/ramp	0.1820
kenney/racing-kit/roadBump	0.1419
kenney/racing-kit/roadCornerBridgeLarge	0.1882
kenney/racing-kit/roadCornerBridgeLarger	0.1359
kenney/racing-kit/roadCornerBridgeSmall	0.2768
kenney/racing-kit/roadCornerLarge	0.1610
kenney/racing-kit/roadCornerLargeBorder	0.0424
kenney/racing-kit/roadCornerLargeBorderInner	0.0887
kenney/racing-kit/roadCornerLarger	0.1192
kenney/racing-kit/roadCornerLargerBorder	0.0296
kenney/racing-kit/roadCornerLargerBorderInner	0.0466
kenney/racing-kit/roadCornerLargerSand	0.0594
kenney/racing-kit/roadCornerLargerSandInner	0.0986
kenney/racing-kit/roadCornerLargerWall	0.0104
kenney/racing-kit/roadCornerLargerWallInner	0.0250
kenney/racing-kit/roadCornerLargeSand	0.0805
kenney/racing-kit/roadCornerLargeSandInner	0.1669
kenney/racing-kit/roadCornerLargeWall	0.0143
kenney/racing-kit/roadCornerLargeWallInner	0.0766
kenney/racing-kit/roadCornerSmall	0.2138
kenney/racing-kit/roadCornerSmallBorder	0.0750
kenney/racing-kit/roadCornerSmallSand	0.1228
kenney/racing-kit/roadCornerSmallSquare	0.2711
kenney/racing-kit/roadCornerSmallWall	0.0230
kenney/racing-kit/roadCrossing	0.2053
kenney/racing-kit/roadCurved	0.1368
kenney/racing-kit/roadCurvedSplit	0.2021
kenney/racing-kit/roadEnd	0.1712
kenney/racing-kit/roadPitEntry	0.2019
kenney/racing-kit/roadPitGarage	0.2693
kenney/racing-kit/roadPitStraight	0.2686
kenney/racing-kit/roadPitStraightLong	0.1368
kenney/racing-kit/roadRamp	0.1457
kenney/racing-kit/roadRampLong	0.0739
kenney/racing-kit/roadRampLongCurved	0.0740
kenney/racing-kit/roadRampLongCurvedWall	0.1828
kenney/racing-kit/roadRampLongWall	0.1825
kenney/racing-kit/roadRampWall	0.3059
kenney/racing-kit/roadSide	0.2367
kenney/racing-kit/roadSplit	0.1058
kenney/racing-kit/roadSplitLarge	0.2109
kenney/racing-kit/roadSplitLarger	0.1611
kenney/racing-kit/roadSplitRound	0.1163
kenney/racing-kit/roadSplitRoundLarge	0.0737
kenney/racing-kit/roadSplitSmall	0.2663
kenney/racing-kit/roadStart	0.1841
kenney/racing-kit/roadStartPositions	0.1367
kenney/racing-kit/roadStraight	0.2693
kenney/racing-kit/roadStraightArrow	0.2693
kenney/racing-kit/roadStraightBridge	0.6486
kenney/racing-kit/roadStraightBridgeMid	0.3540
kenney/racing-kit/roadStraightBridgeStart	0.3995
kenney/racing-kit/roadStraightLong	0.1367
kenney/racing-kit/roadStraightLongBump	0.1371
kenney/racing-kit/roadStraightLongBumpRound	0.1368
kenney/racing-kit/roadStraightLongMid	0.1367
kenney/racing-kit/roadStraightSkew	0.1367
kenney/racing-kit/tent	0.3447
kenney/racing-kit/tentClosed	0.6496
kenney/racing-kit/tentClosedLong	0.3105
kenney/racing-kit/tentLong	0.1736
kenney/racing-kit/tentRoof	0.2400
kenney/racing-kit/tentRoofDouble	0.3322
kenney/racing-kit/treeLarge	0.1121
kenney/racing-kit/treeSmall	0.1121
kenney/retro-fantasy-kit/barrels	0.6102
kenney/retro-fantasy-kit/battlement-corner-inner	0.3299
kenney/retro-fantasy-kit/battlement-corner-outer	0.4001
kenney/retro-fantasy-kit/battlement-half	0.6307
kenney/retro-fantasy-kit/battlement	0.2877
kenney/retro-fantasy-kit/bricks	0.1979
kenney/retro-fantasy-kit/column-damaged	0.1546
kenney/retro-fantasy-kit/column-paint-damaged	0.1901
kenney/retro-fantasy-kit/column-paint	0.1795
kenney/retro-fantasy-kit/column-wood	0.2775
kenney/retro-fantasy-kit/column	0.1795
kenney/retro-fantasy-kit/detail-barrel	0.5549
kenney/retro-fantasy-kit/detail-crate-ropes	0.9586
kenney/retro-fantasy-kit/detail-crate-small	0.9586
kenney/retro-fantasy-kit/detail-crate	0.9586
kenney/retro-fantasy-kit/dock-corner	0.5812
kenney/retro-fantasy-kit/dock-side	0.5878
kenney/retro-fantasy-kit/fence-top	0.0823
kenney/retro-fantasy-kit/fence-wood	0.0953
kenney/retro-fantasy-kit/fence	0.2530
kenney/retro-fantasy-kit/floor-flat	0.2691
kenney/retro-fantasy-kit/floor-stairs-corner-inner	0.4718
kenney/retro-fantasy-kit/floor-stairs-corner-outer	0.3532
kenney/retro-fantasy-kit/floor-stairs	0.3532
kenney/retro-fantasy-kit/floor-steps-corner-inner	0.3603
kenney/retro-fantasy-kit/floor-steps-corner-outer	0.2837
kenney/retro-fantasy-kit/floor-steps	0.2837
kenney/retro-fantasy-kit/floor	0.3064
kenney/retro-fantasy-kit/ladder	0.1067
kenney/retro-fantasy-kit/overhang-fence	0.1005
kenney/retro-fantasy-kit/overhang-round-railing	0.3017
kenney/retro-fantasy-kit/overhang-round	0.2440
kenney/retro-fantasy-kit/overhang	0.1500
kenney/retro-fantasy-kit/pulley-crate	0.1781
kenney/retro-fantasy-kit/pulley	0.0959
kenney/retro-fantasy-kit/roof-corner	0.7067
kenney/retro-fantasy-kit/roof-edge	0.6280
kenney/retro-fantasy-kit/roof-high-side-corner-inner	0.7732
kenney/retro-fantasy-kit/roof-high-side-corner	0.4794
kenney/retro-fantasy-kit/roof-high-side	0.7732
kenney/retro-fantasy-kit/roof-side-corner-inner	0.5432
kenney/retro-fantasy-kit/roof-side-corner	0.3327
kenney/retro-fantasy-kit/roof-side	0.5432
kenney/retro-fantasy-kit/roof	0.7471
kenney/retro-fantasy-kit/stairs-corner	0.3452
kenney/retro-fantasy-kit/stairs-stone	0.4708
kenney/retro-fantasy-kit/stairs-wood	0.2144
kenney/retro-fantasy-kit/structure-cross	0.4629
kenney/retro-fantasy-kit/structure-pole	0.0870
kenney/retro-fantasy-kit/structure-poles	0.2280
kenney/retro-fantasy-kit/structure-wall-cross	0.2690
kenney/retro-fantasy-kit/structure-wall	0.5506
kenney/retro-fantasy-kit/structure	0.4422
kenney/retro-fantasy-kit/tower-base	0.6922
kenney/retro-fantasy-kit/tower-edge	0.3578
kenney/retro-fantasy-kit/tower-paint-base	0.6922
kenney/retro-fantasy-kit/tower-paint	0.7807
kenney/retro-fantasy-kit/tower-top	0.3046
kenney/retro-fantasy-kit/tower	0.7807
kenney/retro-fantasy-kit/tree-large	0.4634
kenney/retro-fantasy-kit/tree-shrub	0.5891
kenney/retro-fantasy-kit/wall-detail	0.2654
kenney/retro-fantasy-kit/wall-door	0.9586
kenney/retro-fantasy-kit/wall-flat-gate	0.3320
kenney/retro-fantasy-kit/wall-fortified-door	0.9586
kenney/retro-fantasy-kit/wall-fortified-gate-half	0.6498
kenney/retro-fantasy-kit/wall-fortified-gate	0.9162
kenney/retro-fantasy-kit/wall-fortified-half	0.7226
kenney/retro-fantasy-kit/wall-fortified-paint-door	0.9586
kenney/retro-fantasy-kit/wall-fortified-paint-gate	0.9341
kenney/retro-fantasy-kit/wall-fortified-paint-half	0.7226
kenney/retro-fantasy-kit/wall-fortified-paint-window	0.9586
kenney/retro-fantasy-kit/wall-fortified-paint	0.9586
kenney/retro-fantasy-kit/wall-fortified-window	0.9586
kenney/retro-fantasy-kit/wall-fortified	0.9586
kenney/retro-fantasy-kit/wall-gate-half	0.6498
kenney/retro-fantasy-kit/wall-gate	0.9162
kenney/retro-fantasy-kit/wall-half	0.7273
kenney/retro-fantasy-kit/wall-low	0.6438
kenney/retro-fantasy-kit/wall-paint-detail	0.2654
kenney/retro-fantasy-kit/wall-paint-door	0.9586
kenney/retro-fantasy-kit/wall-paint-flat	0.4294
kenney/retro-fantasy-kit/wall-paint-gate	0.9341
kenney/retro-fantasy-kit/wall-paint-half	0.7273
kenney/retro-fantasy-kit/wall-paint-window	0.9586
kenney/retro-fantasy-kit/wall-paint	0.9586
kenney/retro-fantasy-kit/wall-pane-door	0.5114
kenney/retro-fantasy-kit/wall-pane-paint-door	0.5114
kenney/retro-fantasy-kit/wall-pane-paint-window	0.5057
kenney/retro-fantasy-kit/wall-pane-paint	0.5059
kenney/retro-fantasy-kit/wall-pane-painted-wood-door	0.5114
kenney/retro-fantasy-kit/wall-pane-painted-wood-window	0.5057
kenney/retro-fantasy-kit/wall-pane-painted-wood	0.5059
kenney/retro-fantasy-kit/wall-pane-window	0.5011
kenney/retro-fantasy-kit/wall-pane-wood-door	0.5114
kenney/retro-fantasy-kit/wall-pane-wood-window	0.5057
kenney/retro-fantasy-kit/wall-pane-wood	0.5059
kenney/retro-fantasy-kit/wall-pane	0.5059
kenney/retro-fantasy-kit/wall-window	0.9586
kenney/retro-fantasy-kit/wall	0.9586
kenney/retro-fantasy-kit/water	0.2690
kenney/retro-fantasy-kit/wood-floor-half	0.2222
kenney/retro-fantasy-kit/wood-floor-quarter	0.4563
kenney/retro-fantasy-kit/wood-floor-railing	0.4716
kenney/retro-fantasy-kit/wood-floor	0.3629
kenney/retro-urban-kit/balcony-ladder-bottom	0.2646
kenney/retro-urban-kit/balcony-ladder-top	0.2265
kenney/retro-urban-kit/balcony-type-a	0.2460
kenney/retro-urban-kit/cliff-corner	0.7485
kenney/retro-urban-kit/cliff-side	0.9507
kenney/retro-urban-kit/detail-awning-small	0.1413
kenney/retro-urban-kit/detail-awning-wide	0.0742
kenney/retro-urban-kit/detail-barrier-strong-damaged	0.3283
kenney/retro-urban-kit/detail-barrier-strong-type-a	0.3865
kenney/retro-urban-kit/detail-barrier-strong-type-b	0.3865
kenney/retro-urban-kit/detail-barrier-type-a	0.3302
kenney/retro-urban-kit/detail-barrier-type-b	0.1867
kenney/retro-urban-kit/detail-beam	0.1777
kenney/retro-urban-kit/detail-bench	0.3153
kenney/retro-urban-kit/detail-block	0.9586
kenney/retro-urban-kit/detail-bricks-type-a	0.1908
kenney/retro-urban-kit/detail-bricks-type-b	0.1705
kenney/retro-urban-kit/detail-cables-type-a	0.0723
kenney/retro-urban-kit/detail-cables-type-b	0.0723
kenney/retro-urban-kit/detail-dumpster-closed	0.6488
kenney/retro-urban-kit/detail-dumpster-open	0.7875
kenney/retro-urban-kit/detail-light-double	0.0619
kenney/retro-urban-kit/detail-light-single	0.0554
kenney/retro-urban-kit/detail-light-traffic	0.0684
kenney/retro-urban-kit/door-type-a	0.3605
kenney/retro-urban-kit/door-type-b	0.3605
kenney/retro-urban-kit/grass-corner-inner	0.2321
kenney/retro-urban-kit/grass-corner	0.2321
kenney/retro-urban-kit/grass-hill	0.0215
kenney/retro-urban-kit/grass	0.2691
kenney/retro-urban-kit/pallet-small	0.3953
kenney/retro-urban-kit/pallet	0.3427
kenney/retro-urban-kit/planks	0.1131
kenney/retro-urban-kit/road-asphalt-center	0.2691
kenney/retro-urban-kit/road-asphalt-corner-inner	0.3003
kenney/retro-urban-kit/road-asphalt-corner-outer	0.2758
kenney/retro-urban-kit/road-asphalt-corner	0.2837
kenney/retro-urban-kit/road-asphalt-damaged	0.2692
kenney/retro-urban-kit/road-asphalt-pavement	0.2691
kenney/retro-urban-kit/road-asphalt-side	0.2760
kenney/retro-urban-kit/road-asphalt-straight	0.1480
kenney/retro-urban-kit/road-dirt-center	0.2691
kenney/retro-urban-kit/road-dirt-corner-inner	0.3003
kenney/retro-urban-kit/road-dirt-corner-outer	0.2758
kenney/retro-urban-kit/road-dirt-corner	0.2837
kenney/retro-urban-kit/road-dirt-damaged	0.2692
kenney/retro-urban-kit/road-dirt-pavement	0.2691
kenney/retro-urban-kit/road-dirt-side	0.2760
kenney/retro-urban-kit/road-dirt-straight	0.1480
kenney/retro-urban-kit/road-dirt-tile	0.3439
kenney/retro-urban-kit/roof-metal-poles	0.0880
kenney/retro-urban-kit/roof-metal-type-a	0.3664
kenney/retro-urban-kit/roof-metal-type-b	0.3664
kenney/retro-urban-kit/scaffolding-floor	0.3216
kenney/retro-urban-kit/scaffolding-poles	0.1096
kenney/retro-urban-kit/scaffolding-structure	0.4590
kenney/retro-urban-kit/tree-large	0.4123
kenney/retro-urban-kit/tree-park-large	0.3952
kenney/retro-urban-kit/tree-park-pine-large	0.3952
kenney/retro-urban-kit/tree-pine-large	0.4123
kenney/retro-urban-kit/tree-pine-small	0.3379
kenney/retro-urban-kit/tree-shrub	0.2474
kenney/retro-urban-kit/tree-small	0.2433
kenney/retro-urban-kit/truck-flat	0.3648
kenney/retro-urban-kit/truck-green-cargo	0.6441
kenney/retro-urban-kit/truck-green	0.4664
kenney/retro-urban-kit/truck-grey-cargo	0.6441
kenney/retro-urban-kit/truck-grey	0.4664
kenney/retro-urban-kit/wall-a-column-painted	0.2327
kenney/retro-urban-kit/wall-a-column	0.2327
kenney/retro-urban-kit/wall-a-corner-painted	0.7953
kenney/retro-urban-kit/wall-a-corner	0.7953
kenney/retro-urban-kit/wall-a-detail-painted	0.3503
kenney/retro-urban-kit/wall-a-detail	0.3503
kenney/retro-urban-kit/wall-a-diagonal	0.5518
kenney/retro-urban-kit/wall-a-door	0.9586
kenney/retro-urban-kit/wall-a-flat-garage	0.5256
kenney/retro-urban-kit/wall-a-flat-painted	0.5059
kenney/retro-urban-kit/wall-a-flat-window	0.5057
kenney/retro-urban-kit/wall-a-flat	0.5059
kenney/retro-urban-kit/wall-a-garage	0.9586
kenney/retro-urban-kit/wall-a-low-painted	0.6438
kenney/retro-urban-kit/wall-a-low	0.6438
kenney/retro-urban-kit/wall-a-open	0.4311
kenney/retro-urban-kit/wall-a-painted-diagonal	0.5518
kenney/retro-urban-kit/wall-a-painted	0.9586
kenney/retro-urban-kit/wall-a-roof-detailed	0.3932
kenney/retro-urban-kit/wall-a-roof-slant-detailed	0.4684
kenney/retro-urban-kit/wall-a-roof-slant	0.5432
kenney/retro-urban-kit/wall-a-roof	0.4667
kenney/retro-urban-kit/wall-a-window	0.9586
kenney/retro-urban-kit/wall-a	0.9586
kenney/retro-urban-kit/wall-b-column	0.2327
kenney/retro-urban-kit/wall-b-corner	0.7953
kenney/retro-urban-kit/wall-b-detail-painted	0.3503
kenney/retro-urban-kit/wall-b-diagonal	0.5518
kenney/retro-urban-kit/wall-b-door	0.9586
kenney/retro-urban-kit/wall-b-flat-garage	0.5256
kenney/retro-urban-kit/wall-b-flat-window	0.5057
kenney/retro-urban-kit/wall-b-flat	0.5059
kenney/retro-urban-kit/wall-b-garage	0.9586
kenney/retro-urban-kit/wall-b-low	0.6438
kenney/retro-urban-kit/wall-b-open	0.4311
kenney/retro-urban-kit/wall-b-roof-detailed	0.3932
kenney/retro-urban-kit/wall-b-roof-slant-detailed	0.4684
kenney/retro-urban-kit/wall-b-roof-slant	0.5432
kenney/retro-urban-kit/wall-b-roof	0.4667
kenney/retro-urban-kit/wall-b-window	0.9586
kenney/retro-urban-kit/wall-b	0.9586
kenney/retro-urban-kit/wall-broken-type-a	0.1668
kenney/retro-urban-kit/wall-broken-type-b	0.1752
kenney/retro-urban-kit/wall-c-flat-low	0.2530
kenney/retro-urban-kit/wall-c-flat	0.5059
kenney/retro-urban-kit/wall-fence	0.2445
kenney/retro-urban-kit/wall-steps-type-a	0.1708
kenney/retro-urban-kit/wall-steps-type-b	0.1846
kenney/retro-urban-kit/wall-type-a	0.2291
kenney/retro-urban-kit/wall-type-b	0.1986
kenney/retro-urban-kit/window-small-type-a	0.3317
kenney/retro-urban-kit/window-small-type-b	0.3317
kenney/retro-urban-kit/window-wide-type-a	0.5567
kenney/retro-urban-kit/window-wide-type-b	0.5567
kenney/retro-urban-kit/window-wide-type-c	0.5567
kenney/retro-urban-kit/window-wide-type-d	0.5567
kenney/space-kit/alien	0.2764
kenney/space-kit/astronautA	0.3116
kenney/space-kit/astronautB	0.3176
kenney/space-kit/barrel	0.5628
kenney/space-kit/barrels	0.5386
kenney/space-kit/barrels_rail	0.5910
kenney/space-kit/bones	0.2083
kenney/space-kit/chimney	0.0972
kenney/space-kit/chimney_detailed	0.1062
kenney/space-kit/corridor	0.7980
kenney/space-kit/corridor_corner	0.6659
kenney/space-kit/corridor_cornerRound	0.4155
kenney/space-kit/corridor_cornerRoundWindow	0.4116
kenney/space-kit/corridor_cross	0.4829
kenney/space-kit/corridor_detailed	0.6657
kenney/space-kit/corridor_end	0.7428
kenney/space-kit/corridor_open	0.5805
kenney/space-kit/corridor_roof	0.3476
kenney/space-kit/corridor_split	0.5994
kenney/space-kit/corridor_wall	0.3495
kenney/space-kit/corridor_wallCorner	0.3074
kenney/space-kit/corridor_window	0.7273
kenney/space-kit/corridor_windowClosed	0.7933
kenney/space-kit/craft_cargoA	0.2160
kenney/space-kit/craft_cargoB	0.2435
kenney/space-kit/craft_miner	0.1939
kenney/space-kit/craft_racer	0.2175
kenney/space-kit/craft_speederA	0.2150
kenney/space-kit/craft_speederB	0.2807
kenney/space-kit/craft_speederC	0.1510
kenney/space-kit/craft_speederD	0.1658
kenney/space-kit/crater	0.2017
kenney/space-kit/craterLarge	0.2071
kenney/space-kit/desk_chair	0.2944
kenney/space-kit/desk_chairArms	0.2795
kenney/space-kit/desk_chairStool	0.6326
kenney/space-kit/desk_computer	0.4989
kenney/space-kit/desk_computerCorner	0.4391
kenney/space-kit/desk_computerScreen	0.4109
kenney/space-kit/gate_complex	0.3661
kenney/space-kit/gate_simple	0.3115
kenney/space-kit/hangar_largeA	0.3715
kenney/space-kit/hangar_largeB	0.3915
kenney/space-kit/hangar_roundA	0.3377
kenney/space-kit/hangar_roundB	0.3847
kenney/space-kit/hangar_roundGlass	0.3111
kenney/space-kit/hangar_smallA	0.6046
kenney/space-kit/hangar_smallB	0.5544
kenney/space-kit/machine_barrel	0.6136
kenney/space-kit/machine_barrelLarge	0.4941
kenney/space-kit/machine_generator	0.4579
kenney/space-kit/machine_generatorLarge	0.4014
kenney/space-kit/machine_wireless	0.3127
kenney/space-kit/machine_wirelessCable	0.2871
kenney/space-kit/meteor	0.4823
kenney/space-kit/meteor_detailed	0.4861
kenney/space-kit/meteor_half	0.3301
kenney/space-kit/monorail_trackCornerLarge	0.0759
kenney/space-kit/monorail_trackCornerSmall	0.1977
kenney/space-kit/monorail_trackSlope	0.1518
kenney/space-kit/monorail_trackStraight	0.1015
kenney/space-kit/monorail_trackSupport	0.3429
kenney/space-kit/monorail_trackSupportCorner	0.2432
kenney/space-kit/monorail_trainBox	0.5319
kenney/space-kit/monorail_trainCargo	0.4075
kenney/space-kit/monorail_trainEnd	0.4947
kenney/space-kit/monorail_trainFlat	0.2289
kenney/space-kit/monorail_trainFront	0.4507
kenney/space-kit/monorail_trainPassenger	0.5319
kenney/space-kit/pipe_corner	0.6211
kenney/space-kit/pipe_cornerDiagonal	0.3114
kenney/space-kit/pipe_cornerRound	0.4707
kenney/space-kit/pipe_cornerRoundLarge	0.2331
kenney/space-kit/pipe_cross	0.5987
kenney/space-kit/pipe_end	0.3829
kenney/space-kit/pipe_entrance	0.5091
kenney/space-kit/pipe_open	0.4426
kenney/space-kit/pipe_rampLarge	0.2185
kenney/space-kit/pipe_rampSmall	0.2052
kenney/space-kit/pipe_ring	0.5081
kenney/space-kit/pipe_ringHigh	0.3646
kenney/space-kit/pipe_ringHighEnd	0.3233
kenney/space-kit/pipe_ringSupport	0.2206
kenney/space-kit/pipe_split	0.5493
kenney/space-kit/pipe_straight	0.4630
kenney/space-kit/pipe_supportHigh	0.2107
kenney/space-kit/pipe_supportLow	0.5020
kenney/space-kit/platform_center	0.2691
kenney/space-kit/platform_corner	0.3196
kenney/space-kit/platform_cornerOpen	0.3148
kenney/space-kit/platform_cornerRound	0.2437
kenney/space-kit/platform_end	0.3327
kenney/space-kit/platform_high	0.6710
kenney/space-kit/platform_large	0.3056
kenney/space-kit/platform_long	0.1675
kenney/space-kit/platform_low	0.4246
kenney/space-kit/platform_side	0.2966
kenney/space-kit/platform_small	0.3412
kenney/space-kit/platform_smallDiagonal	0.2573
kenney/space-kit/platform_straight	0.3243
kenney/space-kit/rail	0.0970
kenney/space-kit/rail_corner	0.1134
kenney/space-kit/rail_end	0.0796
kenney/space-kit/rail_middle	0.0677
kenney/space-kit/rock	0.2766
kenney/space-kit/rocket_baseA	0.3934
kenney/space-kit/rocket_baseB	0.3291
kenney/space-kit/rocket_finsA	0.4772
kenney/space-kit/rocket_finsB	0.4741
kenney/space-kit/rocket_fuelA	0.5498
kenney/space-kit/rocket_fuelB	0.8365
kenney/space-kit/rocket_sidesA	0.8365
kenney/space-kit/rocket_sidesB	0.5360
kenney/space-kit/rocket_topA	0.4796
kenney/space-kit/rocket_topB	0.3625
kenney/space-kit/rocks_smallA	0.1146
kenney/space-kit/rocks_smallB	0.1529
kenney/space-kit/rock_crystals	0.2917
kenney/space-kit/rock_crystalsLargeA	0.3138
kenney/space-kit/rock_crystalsLargeB	0.3402
kenney/space-kit/rock_largeA	0.3638
kenney/space-kit/rock_largeB	0.3600
kenney/space-kit/rover	0.4216
kenney/space-kit/satelliteDish	0.5050
kenney/space-kit/satelliteDish_detailed	0.5455
kenney/space-kit/satelliteDish_large	0.4700
kenney/space-kit/stairs	0.2220
kenney/space-kit/stairs_corner	0.3315
kenney/space-kit/stairs_short	0.3794
kenney/space-kit/structure	0.4889
kenney/space-kit/structure_closed	0.9350
kenney/space-kit/structure_detailed	0.6252
kenney/space-kit/structure_diagonal	0.7796
kenney/space-kit/supports_high	0.5326
kenney/space-kit/supports_low	0.3741
kenney/space-kit/terrain	0.2691
kenney/space-kit/terrain_ramp	0.5588
kenney/space-kit/terrain_rampLarge	0.2326
kenney/space-kit/terrain_rampLarge_detailed	0.2326
kenney/space-kit/terrain_roadCorner	0.2690
kenney/space-kit/terrain_roadCross	0.2690
kenney/space-kit/terrain_roadEnd	0.2690
kenney/space-kit/terrain_roadSplit	0.2690
kenney/space-kit/terrain_roadStraight	0.2691
kenney/space-kit/terrain_side	0.5168
kenney/space-kit/terrain_sideCliff	0.5168
kenney/space-kit/terrain_sideCorner	0.5832
kenney/space-kit/terrain_sideCornerInner	0.3761
kenney/space-kit/terrain_sideEnd	0.5412
kenney/space-kit/turret_double	0.5400
kenney/space-kit/turret_single	0.4029
kenney/space-kit/weapon_gun	0.2780
kenney/space-kit/weapon_rifle	0.2039
kenney/space-station-kit/balcony-floor-center	0.2708
kenney/space-station-kit/balcony-floor-corner	0.3876
kenney/space-station-kit/balcony-floor	0.2845
kenney/space-station-kit/balcony-rail-center	0.2790
kenney/space-station-kit/balcony-rail-corner	0.5561
kenney/space-station-kit/balcony-rail	0.4124
kenney/space-station-kit/bed-double-cover	0.1716
kenney/space-station-kit/bed-double	0.4230
kenney/space-station-kit/bed-single-cover	0.3409
kenney/space-station-kit/bed-single	0.2424
kenney/space-station-kit/chair-armrest-headrest	0.3555
kenney/space-station-kit/chair-armrest	0.5243
kenney/space-station-kit/chair-cushion-headrest	0.3232
kenney/space-station-kit/chair-cushion	0.4717
kenney/space-station-kit/chair-headrest	0.3232
kenney/space-station-kit/chair	0.4718
kenney/space-station-kit/computer-screen	0.4458
kenney/space-station-kit/computer-system	0.5250
kenney/space-station-kit/computer-wide	0.3950
kenney/space-station-kit/computer	0.4198
kenney/space-station-kit/container-flat-open	0.3612
kenney/space-station-kit/container-flat	0.3016
kenney/space-station-kit/container-tall	0.3918
kenney/space-station-kit/container-wide	0.6090
kenney/space-station-kit/container	0.6052
kenney/space-station-kit/display-wall-wide	0.4581
kenney/space-station-kit/display-wall	0.5289
kenney/space-station-kit/door-double-closed	0.5109
kenney/space-station-kit/door-double-half	0.4456
kenney/space-station-kit/door-double	0.4130
kenney/space-station-kit/door-single-closed	0.3594
kenney/space-station-kit/door-single-half	0.3332
kenney/space-station-kit/door-single	0.3202
kenney/space-station-kit/floor-corner	0.4596
kenney/space-station-kit/floor-detail	0.4940
kenney/space-station-kit/floor-panel-corner	0.4816
kenney/space-station-kit/floor-panel-end	0.4938
kenney/space-station-kit/floor-panel-straight	0.4816
kenney/space-station-kit/floor-panel	0.4938
kenney/space-station-kit/floor	0.4938
kenney/space-station-kit/pipe-bend-diagonal	0.3160
kenney/space-station-kit/pipe-bend	0.5354
kenney/space-station-kit/pipe-end-colored	0.4669
kenney/space-station-kit/pipe-end	0.4669
kenney/space-station-kit/pipe-ring-colored	0.4455
kenney/space-station-kit/pipe-ring	0.4455
kenney/space-station-kit/pipe	0.4041
kenney/space-station-kit/rail-narrow	0.2050
kenney/space-station-kit/rail	0.0708
kenney/space-station-kit/rocks	0.2719
kenney/space-station-kit/skip-rocks	0.3637
kenney/space-station-kit/skip	0.3532
kenney/space-station-kit/stairs-corner-inner	0.4938
kenney/space-station-kit/stairs-corner	0.4066
kenney/space-station-kit/stairs-handrail-single	0.0698
kenney/space-station-kit/stairs-handrail	0.1275
kenney/space-station-kit/stairs-ramp	0.4557
kenney/space-station-kit/stairs-small-center	0.2543
kenney/space-station-kit/stairs-small-corner-inner	0.9586
kenney/space-station-kit/stairs-small-corner	0.7482
kenney/space-station-kit/stairs-small-edge-handrail	0.2988
kenney/space-station-kit/stairs-small-edge	0.2659
kenney/space-station-kit/stairs-small-edges-handrail	0.3735
kenney/space-station-kit/stairs-small-edges	0.2932
kenney/space-station-kit/stairs	0.4664
kenney/space-station-kit/structure-barrier-high	0.4764
kenney/space-station-kit/structure-barrier	0.4519
kenney/space-station-kit/structure-panel	0.2918
kenney/space-station-kit/structure	0.4089
kenney/space-station-kit/table-display-planet	0.4854
kenney/space-station-kit/table-display-small	0.4950
kenney/space-station-kit/table-display	0.3218
kenney/space-station-kit/table-inset-small	0.4834
kenney/space-station-kit/table-inset	0.3193
kenney/space-station-kit/table-large	0.3407
kenney/space-station-kit/table	0.3368
kenney/space-station-kit/wall-banner	0.6699
kenney/space-station-kit/wall-corner-banner	0.7577
kenney/space-station-kit/wall-corner-round-banner	0.7432
kenney/space-station-kit/wall-corner-round	0.7432
kenney/space-station-kit/wall-corner	0.7577
kenney/space-station-kit/wall-detail	0.2629
kenney/space-station-kit/wall-door-banner	0.5956
kenney/space-station-kit/wall-door-center	0.2646
kenney/space-station-kit/wall-door-edge-banner	0.3984
kenney/space-station-kit/wall-door-edge	0.3984
kenney/space-station-kit/wall-door-wide-banner	0.5238
kenney/space-station-kit/wall-door-wide	0.5238
kenney/space-station-kit/wall-door	0.5956
kenney/space-station-kit/wall-pillar-banner	0.6892
kenney/space-station-kit/wall-pillar	0.6892
kenney/space-station-kit/wall-switch	0.2936
kenney/space-station-kit/wall-window-banner	0.6235
kenney/space-station-kit/wall-window-frame	0.3010
kenney/space-station-kit/wall-window-shutters	0.4202
kenney/space-station-kit/wall-window	0.6235
kenney/space-station-kit/wall	0.6699
kenney/survival-kit/barrel-open	0.5571
kenney/survival-kit/barrel	0.5571
kenney/survival-kit/bedroll-frame	0.0755
kenney/survival-kit/bedroll-packed	0.2071
kenney/survival-kit/bedroll	0.1882
kenney/survival-kit/bottle-large	0.2906
kenney/survival-kit/bottle	0.2054
kenney/survival-kit/box-large-open	0.4205
kenney/survival-kit/box-large	0.4113
kenney/survival-kit/box-open	0.7152
kenney/survival-kit/box	0.9339
kenney/survival-kit/bucket	0.4093
kenney/survival-kit/campfire-fishing-stand	0.2232
kenney/survival-kit/campfire-pit	0.2799
kenney/survival-kit/campfire-stand	0.1461
kenney/survival-kit/chest	0.7975
kenney/survival-kit/fence-doorway	0.2845
kenney/survival-kit/fence-fortified	0.4113
kenney/survival-kit/fence	0.1794
kenney/survival-kit/fish-large	0.1631
kenney/survival-kit/fish	0.1631
kenney/survival-kit/floor-hole	0.2575
kenney/survival-kit/floor-old	0.3124
kenney/survival-kit/floor	0.3165
kenney/survival-kit/grass-large	0.2801
kenney/survival-kit/grass	0.2659
kenney/survival-kit/metal-panel-narrow	0.2795
kenney/survival-kit/metal-panel-screws-half	0.2759
kenney/survival-kit/metal-panel-screws-narrow	0.2797
kenney/survival-kit/metal-panel-screws	0.5358
kenney/survival-kit/metal-panel	0.5357
kenney/survival-kit/patch-grass-large	0.1336
kenney/survival-kit/patch-grass	0.1650
kenney/survival-kit/resource-planks	0.1684
kenney/survival-kit/resource-stone-large	0.2396
kenney/survival-kit/resource-stone	0.3321
kenney/survival-kit/resource-wood	0.1250
kenney/survival-kit/rock-a	0.3206
kenney/survival-kit/rock-b	0.2713
kenney/survival-kit/rock-c	0.2947
kenney/survival-kit/rock-flat-grass	0.1767
kenney/survival-kit/rock-flat	0.1773
kenney/survival-kit/rock-sand-a	0.3993
kenney/survival-kit/rock-sand-b	0.2948
kenney/survival-kit/rock-sand-c	0.2945
kenney/survival-kit/signpost-single	0.0932
kenney/survival-kit/signpost	0.1289
kenney/survival-kit/structure-canvas	0.4418
kenney/survival-kit/structure-floor	0.5257
kenney/survival-kit/structure-metal-doorway	0.3150
kenney/survival-kit/structure-metal-floor	0.6846
kenney/survival-kit/structure-metal-roof	0.5707
kenney/survival-kit/structure-metal-wall	0.2543
kenney/survival-kit/structure-metal	0.4107
kenney/survival-kit/structure-roof	0.4811
kenney/survival-kit/structure	0.3515
kenney/survival-kit/tent-canvas-half	0.4517
kenney/survival-kit/tent-canvas	0.4667
kenney/survival-kit/tent	0.2700
kenney/survival-kit/tool-axe-upgraded	0.1297
kenney/survival-kit/tool-axe	0.1034
kenney/survival-kit/tool-hammer-upgraded	0.2705
kenney/survival-kit/tool-hammer	0.2541
kenney/survival-kit/tool-hoe-upgraded	0.1252
kenney/survival-kit/tool-hoe	0.1074
kenney/survival-kit/tool-pickaxe-upgraded	0.1534
kenney/survival-kit/tool-pickaxe	0.1244
kenney/survival-kit/tool-shovel-upgraded	0.1121
kenney/survival-kit/tool-shovel	0.1021
kenney/survival-kit/tree-autumn-tall	0.0946
kenney/survival-kit/tree-autumn-trunk	0.4314
kenney/survival-kit/tree-autumn	0.1274
kenney/survival-kit/tree-log-small	0.2020
kenney/survival-kit/tree-log	0.1164
kenney/survival-kit/tree-tall	0.0954
kenney/survival-kit/tree-trunk	0.4314
kenney/survival-kit/tree	0.1278
kenney/survival-kit/workbench-anvil	0.5195
kenney/survival-kit/workbench-grind	0.4414
kenney/survival-kit/workbench	0.6846
kenney/tower-defense-kit/detail-crystal-large	0.3571
kenney/tower-defense-kit/detail-crystal	0.3207
kenney/tower-defense-kit/detail-dirt-large	0.3419
kenney/tower-defense-kit/detail-dirt	0.2543
kenney/tower-defense-kit/detail-rocks-large	0.3092
kenney/tower-defense-kit/detail-rocks	0.2123
kenney/tower-defense-kit/detail-tree-large	0.2554
kenney/tower-defense-kit/detail-tree	0.2554
kenney/tower-defense-kit/enemy-ufo-a-weapon	0.3953
kenney/tower-defense-kit/enemy-ufo-a	0.3697
kenney/tower-defense-kit/enemy-ufo-b-weapon	0.3455
kenney/tower-defense-kit/enemy-ufo-b	0.3015
kenney/tower-defense-kit/enemy-ufo-beam-burst	0.4204
kenney/tower-defense-kit/enemy-ufo-beam	0.4401
kenney/tower-defense-kit/enemy-ufo-c-weapon	0.3029
kenney/tower-defense-kit/enemy-ufo-c	0.2662
kenney/tower-defense-kit/enemy-ufo-d-weapon	0.3815
kenney/tower-defense-kit/enemy-ufo-d	0.3519
kenney/tower-defense-kit/selection-a	0.1082
kenney/tower-defense-kit/selection-b	0.2907
kenney/tower-defense-kit/snow-detail-crystal-large	0.3571
kenney/tower-defense-kit/snow-detail-crystal	0.3207
kenney/tower-defense-kit/snow-detail-dirt-large	0.3419
kenney/tower-defense-kit/snow-detail-dirt	0.2543
kenney/tower-defense-kit/snow-detail-rocks-large	0.3092
kenney/tower-defense-kit/snow-detail-rocks	0.2123
kenney/tower-defense-kit/snow-detail-tree-large	0.2554
kenney/tower-defense-kit/snow-detail-tree	0.2554
kenney/tower-defense-kit/snow-tile-bump	0.4105
kenney/tower-defense-kit/snow-tile-corner-inner	0.5688
kenney/tower-defense-kit/snow-tile-corner-large	0.3942
kenney/tower-defense-kit/snow-tile-corner-outer	0.5033
kenney/tower-defense-kit/snow-tile-corner-round	0.3963
kenney/tower-defense-kit/snow-tile-corner-square	0.3959
kenney/tower-defense-kit/snow-tile-crossing	0.3582
kenney/tower-defense-kit/snow-tile-crystal	0.5236
kenney/tower-defense-kit/snow-tile-dirt	0.3439
kenney/tower-defense-kit/snow-tile-end-round	0.4188
kenney/tower-defense-kit/snow-tile-end	0.4188
kenney/tower-defense-kit/snow-tile-hill	0.4866
kenney/tower-defense-kit/snow-tile-river-bridge	0.4105
kenney/tower-defense-kit/snow-tile-river-corner	0.4761
kenney/tower-defense-kit/snow-tile-river-slope-large	0.2378
kenney/tower-defense-kit/snow-tile-river-slope	0.5307
kenney/tower-defense-kit/snow-tile-river-straight	0.4082
kenney/tower-defense-kit/snow-tile-river-transition	0.4064
kenney/tower-defense-kit/snow-tile-river-waterfall	0.5320
kenney/tower-defense-kit/snow-tile-rock	0.4851
kenney/tower-defense-kit/snow-tile-slope	0.5434
kenney/tower-defense-kit/snow-tile-spawn-end-round	0.4188
kenney/tower-defense-kit/snow-tile-spawn-end	0.4188
kenney/tower-defense-kit/snow-tile-spawn-round	0.3841
kenney/tower-defense-kit/snow-tile-spawn	0.3841
kenney/tower-defense-kit/snow-tile-split	0.3949
kenney/tower-defense-kit/snow-tile-straight-slope-large	0.2316
kenney/tower-defense-kit/snow-tile-straight-slope	0.5079
kenney/tower-defense-kit/snow-tile-straight	0.3841
kenney/tower-defense-kit/snow-tile-transition	0.3938
kenney/tower-defense-kit/snow-tile-tree-double	0.5363
kenney/tower-defense-kit/snow-tile-tree-quad	0.6631
kenney/tower-defense-kit/snow-tile-tree	0.4845
kenney/tower-defense-kit/snow-tile-wide-corner	0.3464
kenney/tower-defense-kit/snow-tile-wide-split	0.1874
kenney/tower-defense-kit/snow-tile-wide-straight	0.1839
kenney/tower-defense-kit/snow-tile-wide-transition	0.1493
kenney/tower-defense-kit/snow-tile	0.4188
kenney/tower-defense-kit/snow-wood-structure-high-part	0.3428
kenney/tower-defense-kit/snow-wood-structure-high	0.6255
kenney/tower-defense-kit/snow-wood-structure-part	0.1760
kenney/tower-defense-kit/snow-wood-structure	0.3553
kenney/tower-defense-kit/spawn-round	0.2701
kenney/tower-defense-kit/spawn-square	0.3297
kenney/tower-defense-kit/tile-bump	0.4105
kenney/tower-defense-kit/tile-corner-inner	0.5688
kenney/tower-defense-kit/tile-corner-large	0.3942
kenney/tower-defense-kit/tile-corner-outer	0.5033
kenney/tower-defense-kit/tile-corner-round	0.3963
kenney/tower-defense-kit/tile-corner-square	0.3959
kenney/tower-defense-kit/tile-crossing	0.3582
kenney/tower-defense-kit/tile-crystal	0.5236
kenney/tower-defense-kit/tile-dirt	0.3439
kenney/tower-defense-kit/tile-end-round	0.4188
kenney/tower-defense-kit/tile-end	0.4188
kenney/tower-defense-kit/tile-hill	0.4866
kenney/tower-defense-kit/tile-river-bridge	0.4105
kenney/tower-defense-kit/tile-river-corner	0.4761
kenney/tower-defense-kit/tile-river-slope-large	0.2378
kenney/tower-defense-kit/tile-river-slope	0.5307
kenney/tower-defense-kit/tile-river-straight	0.4082
kenney/tower-defense-kit/tile-river-transition	0.4064
kenney/tower-defense-kit/tile-river-waterfall	0.5320
kenney/tower-defense-kit/tile-rock	0.4851
kenney/tower-defense-kit/tile-slope	0.5434
kenney/tower-defense-kit/tile-spawn-end-round	0.4188
kenney/tower-defense-kit/tile-spawn-end	0.4188
kenney/tower-defense-kit/tile-spawn-round	0.3841
kenney/tower-defense-kit/tile-spawn	0.3841
kenney/tower-defense-kit/tile-split	0.3949
kenney/tower-defense-kit/tile-straight-slope-large	0.2316
kenney/tower-defense-kit/tile-straight-slope	0.5079
kenney/tower-defense-kit/tile-straight	0.3841
kenney/tower-defense-kit/tile-transition	0.3938
kenney/tower-defense-kit/tile-tree-double	0.5370
kenney/tower-defense-kit/tile-tree-quad	0.6631
kenney/tower-defense-kit/tile-tree	0.4845
kenney/tower-defense-kit/tile-wide-corner	0.3464
kenney/tower-defense-kit/tile-wide-split	0.1874
kenney/tower-defense-kit/tile-wide-straight	0.1839
kenney/tower-defense-kit/tile-wide-transition	0.1493
kenney/tower-defense-kit/tile	0.4188
kenney/tower-defense-kit/tower-round-base	0.3052
kenney/tower-defense-kit/tower-round-bottom-a	0.4444
kenney/tower-defense-kit/tower-round-bottom-b	0.4569
kenney/tower-defense-kit/tower-round-bottom-c	0.4468
kenney/tower-defense-kit/tower-round-build-a	0.6963
kenney/tower-defense-kit/tower-round-build-b	0.7321
kenney/tower-defense-kit/tower-round-build-c	0.7359
kenney/tower-defense-kit/tower-round-build-d	0.2707
kenney/tower-defense-kit/tower-round-build-e	0.3398
kenney/tower-defense-kit/tower-round-build-f	0.2795
kenney/tower-defense-kit/tower-round-crystals	0.4183
kenney/tower-defense-kit/tower-round-middle-a	0.4226
kenney/tower-defense-kit/tower-round-middle-b	0.3456
kenney/tower-defense-kit/tower-round-middle-c	0.3994
kenney/tower-defense-kit/tower-round-roof-a	0.3842
kenney/tower-defense-kit/tower-round-roof-b	0.3466
kenney/tower-defense-kit/tower-round-roof-c	0.4604
kenney/tower-defense-kit/tower-round-top-a	0.4778
kenney/tower-defense-kit/tower-round-top-b	0.4402
kenney/tower-defense-kit/tower-round-top-c	0.4656
kenney/tower-defense-kit/tower-square-bottom-a	0.5637
kenney/tower-defense-kit/tower-square-bottom-b	0.5402
kenney/tower-defense-kit/tower-square-bottom-c	0.5532
kenney/tower-defense-kit/tower-square-build-a	0.7896
kenney/tower-defense-kit/tower-square-build-b	0.7647
kenney/tower-defense-kit/tower-square-build-c	0.8862
kenney/tower-defense-kit/tower-square-build-d	0.3580
kenney/tower-defense-kit/tower-square-build-e	0.3795
kenney/tower-defense-kit/tower-square-build-f	0.3568
kenney/tower-defense-kit/tower-square-middle-a	0.4975
kenney/tower-defense-kit/tower-square-middle-b	0.5421
kenney/tower-defense-kit/tower-square-middle-c	0.5236
kenney/tower-defense-kit/tower-square-roof-a	0.4481
kenney/tower-defense-kit/tower-square-roof-b	0.4958
kenney/tower-defense-kit/tower-square-roof-c	0.4392
kenney/tower-defense-kit/tower-square-top-a	0.4697
kenney/tower-defense-kit/tower-square-top-b	0.4557
kenney/tower-defense-kit/tower-square-top-c	0.5446
kenney/tower-defense-kit/weapon-ammo-arrow	0.0800
kenney/tower-defense-kit/weapon-ammo-boulder	0.4520
kenney/tower-defense-kit/weapon-ammo-bullet	0.3532
kenney/tower-defense-kit/weapon-ammo-cannonball	0.4930
kenney/tower-defense-kit/weapon-ballista	0.3150
kenney/tower-defense-kit/weapon-cannon	0.5221
kenney/tower-defense-kit/weapon-catapult	0.3191
kenney/tower-defense-kit/weapon-turret	0.5210
kenney/tower-defense-kit/wood-structure-high-part	0.3405
kenney/tower-defense-kit/wood-structure-high	0.6239
kenney/tower-defense-kit/wood-structure-part	0.1749
kenney/tower-defense-kit/wood-structure	0.3534
kenney/toy-car-kit/gate-finish	0.1975
kenney/toy-car-kit/gate	0.1975
kenney/toy-car-kit/item-banana	0.3029
kenney/toy-car-kit/item-box	0.8564
kenney/toy-car-kit/item-coin-bronze	0.5232
kenney/toy-car-kit/item-coin-gold	0.5232
kenney/toy-car-kit/item-coin-silver	0.5232
kenney/toy-car-kit/item-cone	0.5429
kenney/toy-car-kit/smoke	0.4269
kenney/toy-car-kit/supports-clamp	0.0921
kenney/toy-car-kit/supports-diagonal	0.5395
kenney/toy-car-kit/supports-wide-clamp	0.0307
kenney/toy-car-kit/supports-wide-diagonal	0.1732
kenney/toy-car-kit/supports-wide	0.1549
kenney/toy-car-kit/supports	0.4646
kenney/toy-car-kit/track-narrow-cap-back	0.0860
kenney/toy-car-kit/track-narrow-cap-front	0.0773
kenney/toy-car-kit/track-narrow-corner-large-ramp	0.0726
kenney/toy-car-kit/track-narrow-corner-large	0.0989
kenney/toy-car-kit/track-narrow-corner-small-ramp	0.0714
kenney/toy-car-kit/track-narrow-corner-small	0.1543
kenney/toy-car-kit/track-narrow-curve	0.0805
kenney/toy-car-kit/track-narrow-looping	0.3437
kenney/toy-car-kit/track-narrow-straight-bend-large	0.1125
kenney/toy-car-kit/track-narrow-straight-bend	0.1964
kenney/toy-car-kit/track-narrow-straight-bump-down	0.0842
kenney/toy-car-kit/track-narrow-straight-bump-up	0.0842
kenney/toy-car-kit/track-narrow-straight-hill-beginning	0.0622
kenney/toy-car-kit/track-narrow-straight-hill-complete-half	0.0707
kenney/toy-car-kit/track-narrow-straight-hill-complete	0.0583
kenney/toy-car-kit/track-narrow-straight-hill-end	0.0654
kenney/toy-car-kit/track-narrow-straight-skew-left-side	0.0608
kenney/toy-car-kit/track-narrow-straight-skew-left	0.0563
kenney/toy-car-kit/track-narrow-straight-skew-right-side	0.0976
kenney/toy-car-kit/track-narrow-straight-skew-right	0.0955
kenney/toy-car-kit/track-narrow-straight	0.0834
kenney/toy-car-kit/track-narrow	0.4265
kenney/toy-car-kit/track-road-narrow-cap-back	0.0860
kenney/toy-car-kit/track-road-narrow-cap-front	0.0773
kenney/toy-car-kit/track-road-narrow-corner-large-ramp	0.0726
kenney/toy-car-kit/track-road-narrow-corner-large	0.0989
kenney/toy-car-kit/track-road-narrow-corner-small-ramp	0.0714
kenney/toy-car-kit/track-road-narrow-corner-small	0.1543
kenney/toy-car-kit/track-road-narrow-curve	0.0805
kenney/toy-car-kit/track-road-narrow-looping	0.3437
kenney/toy-car-kit/track-road-narrow-straight-bend-large	0.1125
kenney/toy-car-kit/track-road-narrow-straight-bend	0.1964
kenney/toy-car-kit/track-road-narrow-straight-bump-down	0.0842
kenney/toy-car-kit/track-road-narrow-straight-bump-up	0.0842
kenney/toy-car-kit/track-road-narrow-straight-hill-beginning	0.0622
kenney/toy-car-kit/track-road-narrow-straight-hill-complete-half	0.0707
kenney/toy-car-kit/track-road-narrow-straight-hill-complete	0.0583
kenney/toy-car-kit/track-road-narrow-straight-hill-end	0.0654
kenney/toy-car-kit/track-road-narrow-straight-skew-left-side	0.0608
kenney/toy-car-kit/track-road-narrow-straight-skew-left	0.0563
kenney/toy-car-kit/track-road-narrow-straight-skew-right-side	0.0976
kenney/toy-car-kit/track-road-narrow-straight-skew-right	0.0955
kenney/toy-car-kit/track-road-narrow-straight	0.0834
kenney/toy-car-kit/track-road-narrow	0.4265
kenney/toy-car-kit/track-road-wide-cap-back	0.0337
kenney/toy-car-kit/track-road-wide-cap-front	0.0315
kenney/toy-car-kit/track-road-wide-corner-large-ramp	0.1009
kenney/toy-car-kit/track-road-wide-corner-large	0.1442
kenney/toy-car-kit/track-road-wide-corner-small-ramp	0.0853
kenney/toy-car-kit/track-road-wide-corner-small	0.1946
kenney/toy-car-kit/track-road-wide-curve	0.1480
kenney/toy-car-kit/track-road-wide-straight-bend-large	0.1792
kenney/toy-car-kit/track-road-wide-straight-bend	0.3144
kenney/toy-car-kit/track-road-wide-straight-bump-down	0.1440
kenney/toy-car-kit/track-road-wide-straight-bump-up	0.1441
kenney/toy-car-kit/track-road-wide-straight-hill-beginning	0.0990
kenney/toy-car-kit/track-road-wide-straight-hill-complete-half	0.1173
kenney/toy-car-kit/track-road-wide-straight-hill-complete	0.0923
kenney/toy-car-kit/track-road-wide-straight-hill-end	0.1005
kenney/toy-car-kit/track-road-wide-straight-skew-left-side	0.0887
kenney/toy-car-kit/track-road-wide-straight-skew-left	0.0856
kenney/toy-car-kit/track-road-wide-straight-skew-right-side	0.1839
kenney/toy-car-kit/track-road-wide-straight-skew-right	0.1759
kenney/toy-car-kit/track-road-wide-straight	0.1431
kenney/toy-car-kit/track-road-wide	0.1970
kenney/toy-car-kit/track-striped-narrow-cap-back	0.0860
kenney/toy-car-kit/track-striped-narrow-cap-front	0.0773
kenney/toy-car-kit/track-striped-narrow-corner-large-ramp	0.0726
kenney/toy-car-kit/track-striped-narrow-corner-large	0.0989
kenney/toy-car-kit/track-striped-narrow-corner-small-ramp	0.0714
kenney/toy-car-kit/track-striped-narrow-corner-small	0.1543
kenney/toy-car-kit/track-striped-narrow-curve	0.0805
kenney/toy-car-kit/track-striped-narrow-looping	0.3437
kenney/toy-car-kit/track-striped-narrow-straight-bend-large	0.1125
kenney/toy-car-kit/track-striped-narrow-straight-bend	0.1964
kenney/toy-car-kit/track-striped-narrow-straight-bump-down	0.0842
kenney/toy-car-kit/track-striped-narrow-straight-bump-up	0.0842
kenney/toy-car-kit/track-striped-narrow-straight-hill-beginning	0.0622
kenney/toy-car-kit/track-striped-narrow-straight-hill-complete-half	0.0707
kenney/toy-car-kit/track-striped-narrow-straight-hill-complete	0.0583
kenney/toy-car-kit/track-striped-narrow-straight-hill-end	0.0654
kenney/toy-car-kit/track-striped-narrow-straight-skew-left-side	0.0608
kenney/toy-car-kit/track-striped-narrow-straight-skew-left	0.0563
kenney/toy-car-kit/track-striped-narrow-straight-skew-right-side	0.0976
kenney/toy-car-kit/track-striped-narrow-straight-skew-right	0.0955
kenney/toy-car-kit/track-striped-narrow-straight	0.0834
kenney/toy-car-kit/track-striped-narrow	0.4265
kenney/toy-car-kit/track-striped-wide-cap-back	0.0337
kenney/toy-car-kit/track-striped-wide-cap-front	0.0315
kenney/toy-car-kit/track-striped-wide-corner-large-ramp	0.1009
kenney/toy-car-kit/track-striped-wide-corner-large	0.1442
kenney/toy-car-kit/track-striped-wide-corner-small-ramp	0.0853
kenney/toy-car-kit/track-striped-wide-corner-small	0.1946
kenney/toy-car-kit/track-striped-wide-curve	0.1480
kenney/toy-car-kit/track-striped-wide-straight-bend-large	0.1792
kenney/toy-car-kit/track-striped-wide-straight-bend	0.3144
kenney/toy-car-kit/track-striped-wide-straight-bump-down	0.1440
kenney/toy-car-kit/track-striped-wide-straight-bump-up	0.1441
kenney/toy-car-kit/track-striped-wide-straight-hill-beginning	0.0990
kenney/toy-car-kit/track-striped-wide-straight-hill-complete-half	0.1173
kenney/toy-car-kit/track-striped-wide-straight-hill-complete	0.0923
kenney/toy-car-kit/track-striped-wide-straight-hill-end	0.1005
kenney/toy-car-kit/track-striped-wide-straight-skew-left-side	0.0887
kenney/toy-car-kit/track-striped-wide-straight-skew-left	0.0856
kenney/toy-car-kit/track-striped-wide-straight-skew-right-side	0.1839
kenney/toy-car-kit/track-striped-wide-straight-skew-right	0.1759
kenney/toy-car-kit/track-striped-wide-straight	0.1431
kenney/toy-car-kit/track-striped-wide	0.1970
kenney/toy-car-kit/track-wide-cap-back	0.0337
kenney/toy-car-kit/track-wide-cap-front	0.0315
kenney/toy-car-kit/track-wide-corner-large-ramp	0.1009
kenney/toy-car-kit/track-wide-corner-large	0.1442
kenney/toy-car-kit/track-wide-corner-small-ramp	0.0853
kenney/toy-car-kit/track-wide-corner-small	0.1946
kenney/toy-car-kit/track-wide-curve	0.1480
kenney/toy-car-kit/track-wide-straight-bend-large	0.1792
kenney/toy-car-kit/track-wide-straight-bend	0.3144
kenney/toy-car-kit/track-wide-straight-bump-down	0.1440
kenney/toy-car-kit/track-wide-straight-bump-up	0.1441
kenney/toy-car-kit/track-wide-straight-hill-beginning	0.0990
kenney/toy-car-kit/track-wide-straight-hill-complete-half	0.1173
kenney/toy-car-kit/track-wide-straight-hill-complete	0.0923
kenney/toy-car-kit/track-wide-straight-hill-end	0.1005
kenney/toy-car-kit/track-wide-straight-skew-left-side	0.0887
kenney/toy-car-kit/track-wide-straight-skew-left	0.0856
kenney/toy-car-kit/track-wide-straight-skew-right-side	0.1839
kenney/toy-car-kit/track-wide-straight-skew-right	0.1759
kenney/toy-car-kit/track-wide-straight	0.1431
kenney/toy-car-kit/track-wide	0.1970
kenney/toy-car-kit/tree-pine	0.3139
kenney/toy-car-kit/tree	0.2270
kenney/toy-car-kit/vehicle-drag-racer	0.1712
kenney/toy-car-kit/vehicle-monster-truck	0.4618
kenney/toy-car-kit/vehicle-racer-low	0.2855
kenney/toy-car-kit/vehicle-racer	0.3130
kenney/toy-car-kit/vehicle-speedster	0.2513
kenney/toy-car-kit/vehicle-suv	0.3164
kenney/toy-car-kit/vehicle-truck	0.4145
kenney/toy-car-kit/vehicle-vintage-racer	0.2511
kenney/toy-car-kit/wheel-large	0.4685
kenney/toy-car-kit/wheel-medium	0.4685
kenney/toy-car-kit/wheel-small	0.4685
kenney/train-kit/railroad-corner-large-ramp	0.0428
kenney/train-kit/railroad-corner-large	0.0566
kenney/train-kit/railroad-corner-small-ramp	0.0411
kenney/train-kit/railroad-corner-small	0.1130
kenney/train-kit/railroad-curve	0.0549
kenney/train-kit/railroad-damaged-corner-large-ramp	0.0413
kenney/train-kit/railroad-damaged-corner-large	0.0551
kenney/train-kit/railroad-damaged-corner-small-ramp	0.0407
kenney/train-kit/railroad-damaged-corner-small	0.1107
kenney/train-kit/railroad-damaged-curve	0.0547
kenney/train-kit/railroad-damaged-straight-bend-large	0.0621
kenney/train-kit/railroad-damaged-straight-bend	0.1418
kenney/train-kit/railroad-damaged-straight-bump-down	0.0498
kenney/train-kit/railroad-damaged-straight-bump-up	0.0502
kenney/train-kit/railroad-damaged-straight-hill-beginning	0.0366
kenney/train-kit/railroad-damaged-straight-hill-complete-half	0.0430
kenney/train-kit/railroad-damaged-straight-hill-complete	0.0334
kenney/train-kit/railroad-damaged-straight-hill-end	0.0341
kenney/train-kit/railroad-damaged-straight-skew-left-side	0.0356
kenney/train-kit/railroad-damaged-straight-skew-left	0.0313
kenney/train-kit/railroad-damaged-straight-skew-right-side	0.0631
kenney/train-kit/railroad-damaged-straight-skew-right	0.0607
kenney/train-kit/railroad-damaged-straight	0.0512
kenney/train-kit/railroad-rail-corner-large-ramp	0.0270
kenney/train-kit/railroad-rail-corner-large	0.0329
kenney/train-kit/railroad-rail-corner-small-ramp	0.0333
kenney/train-kit/railroad-rail-corner-small	0.0564
kenney/train-kit/railroad-rail-curve	0.0245
kenney/train-kit/railroad-rail-straight-bend-large	0.0430
kenney/train-kit/railroad-rail-straight-bend	0.0841
kenney/train-kit/railroad-rail-straight-bump-down	0.0325
kenney/train-kit/railroad-rail-straight-bump-up	0.0324
kenney/train-kit/railroad-rail-straight-hill-beginning	0.0267
kenney/train-kit/railroad-rail-straight-hill-complete-half	0.0288
kenney/train-kit/railroad-rail-straight-hill-complete	0.0255
kenney/train-kit/railroad-rail-straight-hill-end	0.0257
kenney/train-kit/railroad-rail-straight-skew-left-side	0.0273
kenney/train-kit/railroad-rail-straight-skew-left	0.0252
kenney/train-kit/railroad-rail-straight-skew-right-side	0.0287
kenney/train-kit/railroad-rail-straight-skew-right	0.0299
kenney/train-kit/railroad-rail-straight	0.0320
kenney/train-kit/railroad-straight-bend-large	0.0638
kenney/train-kit/railroad-straight-bend	0.1448
kenney/train-kit/railroad-straight-bump-down	0.0511
kenney/train-kit/railroad-straight-bump-up	0.0513
kenney/train-kit/railroad-straight-hill-beginning	0.0379
kenney/train-kit/railroad-straight-hill-complete-half	0.0441
kenney/train-kit/railroad-straight-hill-complete	0.0346
kenney/train-kit/railroad-straight-hill-end	0.0357
kenney/train-kit/railroad-straight-skew-left-side	0.0365
kenney/train-kit/railroad-straight-skew-left	0.0324
kenney/train-kit/railroad-straight-skew-right-side	0.0636
kenney/train-kit/railroad-straight-skew-right	0.0614
kenney/train-kit/railroad-straight	0.0525
kenney/train-kit/spline-segment	0.0979
kenney/train-kit/spline-track-damaged	0.1266
kenney/train-kit/spline-track	0.1352
kenney/train-kit/track-detailed	0.2513
kenney/train-kit/track-single-detailed	0.1825
kenney/train-kit/track-single	0.1825
kenney/train-kit/track	0.2506
kenney/train-kit/train-carriage-box	0.2945
kenney/train-kit/train-carriage-coal	0.2953
kenney/train-kit/train-carriage-container-blue	0.3204
kenney/train-kit/train-carriage-container-green	0.3204
kenney/train-kit/train-carriage-container-red	0.3204
kenney/train-kit/train-carriage-dirt	0.2953
kenney/train-kit/train-carriage-flatbed-wood	0.1731
kenney/train-kit/train-carriage-flatbed	0.1731
kenney/train-kit/train-carriage-lumber	0.2270
kenney/train-kit/train-carriage-tank-large	0.3200
kenney/train-kit/train-carriage-tank	0.2856
kenney/train-kit/train-carriage-wood	0.3005
kenney/train-kit/train-connector	0.4305
kenney/train-kit/train-diesel-a	0.3423
kenney/train-kit/train-diesel-b	0.2995
kenney/train-kit/train-diesel-box-a	0.3407
kenney/train-kit/train-diesel-box-b	0.3627
kenney/train-kit/train-diesel-box-c	0.3629
kenney/train-kit/train-diesel-c	0.3137
kenney/train-kit/train-electric-bullet-a	0.2830
kenney/train-kit/train-electric-bullet-b	0.3699
kenney/train-kit/train-electric-bullet-c	0.3699
kenney/train-kit/train-electric-city-a	0.3648
kenney/train-kit/train-electric-city-b	0.3502
kenney/train-kit/train-electric-city-c	0.3287
kenney/train-kit/train-electric-double-a	0.3872
kenney/train-kit/train-electric-double-b	0.3880
kenney/train-kit/train-electric-double-c	0.3880
kenney/train-kit/train-electric-square-a	0.3766
kenney/train-kit/train-electric-square-b	0.3512
kenney/train-kit/train-electric-square-c	0.3512
kenney/train-kit/train-electric-subway-a	0.3380
kenney/train-kit/train-electric-subway-b	0.3489
kenney/train-kit/train-electric-subway-c	0.3489
kenney/train-kit/train-locomotive-a	0.3509
kenney/train-kit/train-locomotive-b	0.3377
kenney/train-kit/train-locomotive-c	0.3194
kenney/train-kit/train-locomotive-passenger-a	0.3620
kenney/train-kit/train-locomotive-passenger-b	0.3635
kenney/train-kit/train-tram-classic	0.4253
kenney/train-kit/train-tram-modern	0.3488
kenney/train-kit/train-tram-round	0.3683
kenney/watercraft-kit/arrow-standing	0.2306
kenney/watercraft-kit/arrow	0.2063
kenney/watercraft-kit/boat-fan	0.4118
kenney/watercraft-kit/boat-fishing-small	0.2271
kenney/watercraft-kit/boat-house-a	0.3049
kenney/watercraft-kit/boat-house-b	0.2093
kenney/watercraft-kit/boat-house-c	0.2317
kenney/watercraft-kit/boat-house-d	0.3747
kenney/watercraft-kit/boat-row-large	0.2151
kenney/watercraft-kit/boat-row-small	0.1994
kenney/watercraft-kit/boat-sail-a	0.2028
kenney/watercraft-kit/boat-sail-b	0.2371
kenney/watercraft-kit/boat-speed-a	0.2108
kenney/watercraft-kit/boat-speed-b	0.2161
kenney/watercraft-kit/boat-speed-c	0.2165
kenney/watercraft-kit/boat-speed-d	0.1977
kenney/watercraft-kit/boat-speed-e	0.2793
kenney/watercraft-kit/boat-speed-f	0.2799
kenney/watercraft-kit/boat-speed-g	0.1780
kenney/watercraft-kit/boat-speed-h	0.1852
kenney/watercraft-kit/boat-speed-i	0.1735
kenney/watercraft-kit/boat-speed-j	0.1574
kenney/watercraft-kit/boat-tow-a	0.2183
kenney/watercraft-kit/boat-tow-b	0.2101
kenney/watercraft-kit/boat-tug-a	0.3135
kenney/watercraft-kit/boat-tug-b	0.3912
kenney/watercraft-kit/boat-tug-c	0.3721
kenney/watercraft-kit/buoy-flag	0.1498
kenney/watercraft-kit/buoy	0.2436
kenney/watercraft-kit/cargo-container-a	0.3764
kenney/watercraft-kit/cargo-container-b	0.3764
kenney/watercraft-kit/cargo-container-c	0.3764
kenney/watercraft-kit/cargo-pile-a	0.3279
kenney/watercraft-kit/cargo-pile-b	0.3030
kenney/watercraft-kit/gate-finish	0.1975
kenney/watercraft-kit/gate	0.1975
kenney/watercraft-kit/ramp-wide	0.1355
kenney/watercraft-kit/ramp	0.2456
kenney/watercraft-kit/ship-cargo-a	0.1373
kenney/watercraft-kit/ship-cargo-b	0.1261
kenney/watercraft-kit/ship-cargo-c	0.1239
kenney/watercraft-kit/ship-large	0.2548
kenney/watercraft-kit/ship-ocean-liner-small	0.1782
kenney/watercraft-kit/ship-ocean-liner	0.1347
kenney/watercraft-kit/ship-small-ghost	0.3300
kenney/watercraft-kit/ship-small	0.3360
